ID,BroadClass,Class,Protein,Gene,SNPConfirmation,UpdatedHeader,
1,MEG_1,Drugs,Aminoglycosides,Aminoglycoside-resistant_16S_ribosomal_subunit_protein,A16S,RequiresSNPConfirmation,
13,MEG_13,Drugs,Aminoglycosides,Aminoglycoside_N-acetyltransferases,AAC2-PRIME,NA,
20,MEG_20,Drugs,Aminoglycosides,Aminoglycoside_N-acetyltransferases,AAC3,NA,
68,MEG_68,Drugs,Aminoglycosides,Aminoglycoside_N-acetyltransferases,AAC3-PRIME,NA,
71,MEG_71,Drugs,Aminoglycosides,Aminoglycoside_N-acetyltransferases,AAC6-PRIME,NA,
735,MEG_735,Drugs,Aminoglycosides,Aminoglycoside_O-nucleotidyltransferases,ANT2-DPRIME,NA,
758,MEG_758,Drugs,Aminoglycosides,Aminoglycoside_O-nucleotidyltransferases,ANT3-DPRIME,NA,
976,MEG_976,Drugs,Aminoglycosides,Aminoglycoside_O-nucleotidyltransferases,ANT4-PRIME,NA,
986,MEG_986,Drugs,Aminoglycosides,Aminoglycoside_O-nucleotidyltransferases,ANT6,NA,
1003,MEG_1003,Drugs,Aminoglycosides,Aminoglycoside_O-nucleotidyltransferases,ANT9,NA,
1008,MEG_1008,Drugs,Aminoglycosides,Aminoglycoside_O-phosphotransferases,APH2-DPRIME,NA,
1019,MEG_1019,Drugs,Aminoglycosides,Aminoglycoside_O-phosphotransferases,APH3-DPRIME,NA,
1059,MEG_1059,Drugs,Aminoglycosides,Aminoglycoside_O-phosphotransferases,APH3-PRIME,NA,
1082,MEG_1082,Drugs,Aminoglycosides,Aminoglycoside_O-phosphotransferases,APH4,NA,
1084,MEG_1084,Drugs,Aminoglycosides,Aminoglycoside_O-phosphotransferases,APH6,NA,
1098,MEG_1098,Drugs,Aminoglycosides,Aminoglycoside_O-phosphotransferases,APH7-DPRIME,NA,
1099,MEG_1099,Drugs,Aminoglycosides,Aminoglycoside_O-phosphotransferases,APH9,NA,
1102,MEG_1102,Drugs,Aminoglycosides,Aminoglycoside_N-acetyltransferases,APMA,NA,
1120,MEG_1120,Drugs,Aminoglycosides,16S_rRNA_methyltransferases,ARMA,NA,
2097,MEG_2097,Drugs,Aminoglycosides,Aminoglycoside_N-acetyltransferases,CPAA,NA,
2932,MEG_2932,Drugs,Aminoglycosides,16S_rRNA_methyltransferases,FMRO,NA,
3135,MEG_3135,Drugs,Aminoglycosides,Aminoglycoside-resistant_gidB,GIDB,RequiresSNPConfirmation,
3172,MEG_3172,Drugs,Aminoglycosides,16S_rRNA_methyltransferases,GRM,NA,
3442,MEG_3442,Drugs,Aminoglycosides,16S_rRNA_methyltransferases,KAMB,NA,
3448,MEG_3448,Drugs,Aminoglycosides,Aminoglycoside_efflux_pumps,KDPE,NA,
3450,MEG_3450,Drugs,Aminoglycosides,16S_rRNA_methyltransferases,KGMB,NA,
3459,MEG_3459,Drugs,Aminoglycosides,16S_rRNA_methyltransferases,KMR,NA,
4215,MEG_4215,Drugs,Aminoglycosides,16S_rRNA_methyltransferases,NPMA,NA,
6060,MEG_6060,Drugs,Aminoglycosides,16S_rRNA_methyltransferases,RMTA,NA,
6061,MEG_6061,Drugs,Aminoglycosides,16S_rRNA_methyltransferases,RMTB,NA,
6066,MEG_6066,Drugs,Aminoglycosides,16S_rRNA_methyltransferases,RMTC,NA,
6067,MEG_6067,Drugs,Aminoglycosides,16S_rRNA_methyltransferases,RMTD,NA,
6069,MEG_6069,Drugs,Aminoglycosides,16S_rRNA_methyltransferases,RMTE,NA,
6071,MEG_6071,Drugs,Aminoglycosides,16S_rRNA_methyltransferases,RMTF,NA,
6073,MEG_6073,Drugs,Aminoglycosides,16S_rRNA_methyltransferases,RMTG,NA,
6074,MEG_6074,Drugs,Aminoglycosides,16S_rRNA_methyltransferases,RMTH,NA,
6144,MEG_6144,Drugs,Aminoglycosides,Aminoglycoside-resistant_16S_ribosomal_subunit_protein,RPSL,RequiresSNPConfirmation,
6145,MEG_6145,Drugs,Aminoglycosides,Aminoglycoside-resistant_16S_ribosomal_subunit_protein,RRSA,RequiresSNPConfirmation,
6146,MEG_6146,Drugs,Aminoglycosides,Aminoglycoside-resistant_16S_ribosomal_subunit_protein,RRSC,RequiresSNPConfirmation,
6147,MEG_6147,Drugs,Aminoglycosides,Aminoglycoside-resistant_16S_ribosomal_subunit_protein,RRSH,RequiresSNPConfirmation,
6186,MEG_6186,Drugs,Aminoglycosides,16S_rRNA_methyltransferases,SGM,NA,
7258,MEG_7258,Drugs,Aminoglycosides,Aminoglycoside-resistant_arabinosyltransferase,TLYA,RequiresSNPConfirmation,MEG_7258|Drugs|Aminoglycosides|Aminoglycoside-resistant_tlyA|TLYA|RequiresSNPConfirmation
8037,MEG_8037,Drugs,Aminoglycosides,Aminoglycoside_efflux_pumps,CRCB,NA,
8078,MEG_8078,Drugs,Aminoglycosides,Aminoglycoside-resistant_eis_promoter,EIS,RequiresSNPConfirmation,
8102,MEG_8102,Drugs,Aminoglycosides,Gentamicin-resistant_ATP-binding_protein,GAR,NA,
8140,MEG_8140,Drugs,Aminoglycosides,Gentamicin-resistant_ATP-binding_protein,GRDA,NA,
8157,MEG_8157,Drugs,Aminoglycosides,Aminoglycoside-resistant_idsA,IDSA,RequiresSNPConfirmation,
8274,MEG_8274,Drugs,Aminoglycosides,16S_rRNA_methyltransferases,NPMB,NA,
8660,MEG_8660,Drugs,Aminoglycosides,Aminoglycoside_efflux_pumps,RANA,NA,
8661,MEG_8661,Drugs,Aminoglycosides,Aminoglycoside_efflux_pumps,RANB,NA,
8676,MEG_8676,Drugs,Aminoglycosides,Aminoglycoside-resistant_16S_ribosomal_subunit_protein,RPSE,RequiresSNPConfirmation,
8680,MEG_8680,Drugs,Aminoglycosides,Aminoglycoside-resistant_16S_ribosomal_subunit_protein,RRS,RequiresSNPConfirmation,
382,MEG_382,Drugs,betalactams,Class_C_betalactamases,ACC,NA,
395,MEG_395,Drugs,betalactams,Class_A_betalactamases,ACI,NA,
416,MEG_416,Drugs,betalactams,Class_C_betalactamases,ACT,NA,
506,MEG_506,Drugs,betalactams,Class_C_betalactamases,ADC,NA,
707,MEG_707,Drugs,betalactams,Class_A_betalactamases,AER,NA,
709,MEG_709,Drugs,betalactams,Class_B_betalactamases,AFM,NA,
710,MEG_710,Drugs,betalactams,Class_B_betalactamases,AIM,NA,
718,MEG_718,Drugs,betalactams,Class_B_betalactamases,ALG,NA,
720,MEG_720,Drugs,betalactams,Class_B_betalactamases,ALI,NA,
724,MEG_724,Drugs,betalactams,Class_C_betalactamases,AMPC,NA,
729,MEG_729,Drugs,betalactams,Penicillin_binding_protein,AMPH,NA,
734,MEG_734,Drugs,betalactams,Class_B_betalactamases,ANA,NA,
1104,MEG_1104,Drugs,betalactams,Class_C_betalactamases,AQU,NA,
1108,MEG_1108,Drugs,betalactams,Class_A_betalactamases,ARL,NA,
1183,MEG_1183,Drugs,betalactams,Class_A_betalactamases,AST,NA,
1184,MEG_1184,Drugs,betalactams,Class_A_betalactamases,AXC,NA,
1188,MEG_1188,Drugs,betalactams,Class_C_betalactamases,AZECL,NA,
1199,MEG_1199,Drugs,betalactams,Class_D_betalactamases,BAT,NA,
1200,MEG_1200,Drugs,betalactams,Class_A_betalactamases,BBI,NA,
1201,MEG_1201,Drugs,betalactams,Class_B_betalactamases,BC,NA,
1202,MEG_1202,Drugs,betalactams,Class_B_betalactamases,BCII,NA,
1207,MEG_1207,Drugs,betalactams,Class_A_betalactamases,BCL,NA,
1219,MEG_1219,Drugs,betalactams,Class_A_betalactamases,BEL,NA,
1228,MEG_1228,Drugs,betalactams,Class_A_betalactamases,BES,NA,
1232,MEG_1232,Drugs,betalactams,Class_A_betalactamases,BIC,NA,
1233,MEG_1233,Drugs,betalactams,Class_C_betalactamases,BIL,NA,
1234,MEG_1234,Drugs,betalactams,Class_B_betalactamases,BJP1,NA,
1236,MEG_1236,Drugs,betalactams,Class_A_betalactamases,BKC,NA,
1237,MEG_1237,Drugs,betalactams,Class_A_betalactamases,BLA1,NA,
1238,MEG_1238,Drugs,betalactams,Class_B_betalactamases,BLA2,NA,
1239,MEG_1239,Drugs,betalactams,Class_A_betalactamases,BLAA,NA,
1250,MEG_1250,Drugs,betalactams,Class_B_betalactamases,BLAB,NA,
1270,MEG_1270,Drugs,betalactams,Class_C_betalactamases,BLAC,NA,
1272,MEG_1272,Drugs,betalactams,Class_A_betalactamases,BLACRP,NA,
1273,MEG_1273,Drugs,betalactams,Class_C_betalactamases,BLAE,NA,
1274,MEG_1274,Drugs,betalactams,Class_B_betalactamases,BLAEAM,NA,
1275,MEG_1275,Drugs,betalactams,Class_C_betalactamases,BLAEC,NA,
1285,MEG_1285,Drugs,betalactams,Class_B_betalactamases,BLAECM,NA,
1286,MEG_1286,Drugs,betalactams,Class_A_betalactamases,BLAF,NA,
1287,MEG_1287,Drugs,betalactams,Penicillin_binding_protein_regulator,BLAI,NA,
1290,MEG_1290,Drugs,betalactams,Class_A_betalactamases,BLAL,NA,
1293,MEG_1293,Drugs,betalactams,Class_A_betalactamases,BLAP,NA,
1295,MEG_1295,Drugs,betalactams,Class_A_betalactamases,BLAPAM,NA,
1296,MEG_1296,Drugs,betalactams,Class_B_betalactamases,BLAPLA,NA,
1298,MEG_1298,Drugs,betalactams,Penicillin_binding_protein_regulator,BLAR,NA,
1304,MEG_1304,Drugs,betalactams,Class_A_betalactamases,BLAS,NA,
1305,MEG_1305,Drugs,betalactams,Class_A_betalactamases,BLASGM,NA,
1313,MEG_1313,Drugs,betalactams,Class_A_betalactamases,BLASME,NA,
1320,MEG_1320,Drugs,betalactams,Class_A_betalactamases,BLAZ,NA,
1472,MEG_1472,Drugs,betalactams,Class_D_betalactamases,BPU,NA,
1473,MEG_1473,Drugs,betalactams,Class_A_betalactamases,BRO,NA,
1479,MEG_1479,Drugs,betalactams,Class_D_betalactamases,BSU,NA,
1480,MEG_1480,Drugs,betalactams,Class_C_betalactamases,BUT,NA,
1489,MEG_1489,Drugs,betalactams,Class_B_betalactamases,CAM,NA,
1492,MEG_1492,Drugs,betalactams,Class_A_betalactamases,CARB,NA,
1634,MEG_1634,Drugs,betalactams,Class_B_betalactamases,CAU,NA,
1636,MEG_1636,Drugs,betalactams,Class_A_betalactamases,CBLA,NA,
1638,MEG_1638,Drugs,betalactams,Class_A_betalactamases,CBP,NA,
1639,MEG_1639,Drugs,betalactams,Class_B_betalactamases,CCRA,NA,
1645,MEG_1645,Drugs,betalactams,Class_A_betalactamases,CEPA,NA,
1653,MEG_1653,Drugs,betalactams,Class_C_betalactamases,CEPH,NA,
1654,MEG_1654,Drugs,betalactams,Class_C_betalactamases,CEPS,NA,
1656,MEG_1656,Drugs,betalactams,Class_C_betalactamases,CFE,NA,
1658,MEG_1658,Drugs,betalactams,Class_B_betalactamases,CFIA,NA,
1686,MEG_1686,Drugs,betalactams,Class_A_betalactamases,CFX,NA,
1699,MEG_1699,Drugs,betalactams,Class_A_betalactamases,CGA,NA,
1700,MEG_1700,Drugs,betalactams,Class_B_betalactamases,CGB,NA,
1718,MEG_1718,Drugs,betalactams,Class_A_betalactamases,CIA,NA,
1724,MEG_1724,Drugs,betalactams,Class_A_betalactamases,CKO,NA,
1733,MEG_1733,Drugs,betalactams,Class_C_betalactamases,CMA,NA,
1735,MEG_1735,Drugs,betalactams,Class_A_betalactamases,CME,NA,
1749,MEG_1749,Drugs,betalactams,Class_C_betalactamases,CMH,NA,
1786,MEG_1786,Drugs,betalactams,Class_C_betalactamases,CMY,NA,
2098,MEG_2098,Drugs,betalactams,Class_B_betalactamases,CPHA,NA,
2112,MEG_2112,Drugs,betalactams,Class_B_betalactamases,CPS,NA,
2123,MEG_2123,Drugs,betalactams,Class_B_betalactamases,CRD,NA,
2129,MEG_2129,Drugs,betalactams,Class_A_betalactamases,CRH,NA,
2134,MEG_2134,Drugs,betalactams,Class_C_betalactamases,CSA,NA,
2137,MEG_2137,Drugs,betalactams,Class_A_betalactamases,CSP,NA,
2144,MEG_2144,Drugs,betalactams,Class_A_betalactamases,CTX,NA,
2481,MEG_2481,Drugs,betalactams,Class_A_betalactamases,DES,NA,
2584,MEG_2584,Drugs,betalactams,Class_C_betalactamases,DHA,NA,
2648,MEG_2648,Drugs,betalactams,Class_B_betalactamases,DHT,NA,
2649,MEG_2649,Drugs,betalactams,Class_B_betalactamases,DIM,NA,
2695,MEG_2695,Drugs,betalactams,Class_B_betalactamases,EBR,NA,
2699,MEG_2699,Drugs,betalactams,Class_B_betalactamases,ECV,NA,
2703,MEG_2703,Drugs,betalactams,Class_B_betalactamases,EFM,NA,
2708,MEG_2708,Drugs,betalactams,Class_B_betalactamases,ELM,NA,
2862,MEG_2862,Drugs,betalactams,Class_A_betalactamases,ERP,NA,
2863,MEG_2863,Drugs,betalactams,Class_B_betalactamases,ESP,NA,
2871,MEG_2871,Drugs,betalactams,Class_B_betalactamases,EVM,NA,
2872,MEG_2872,Drugs,betalactams,Class_A_betalactamases,EXO,NA,
2881,MEG_2881,Drugs,betalactams,Class_A_betalactamases,FAR1,NA,
2907,MEG_2907,Drugs,betalactams,Class_B_betalactamases,FEZ,NA,
2908,MEG_2908,Drugs,betalactams,Class_B_betalactamases,FIA,NA,
2910,MEG_2910,Drugs,betalactams,Class_B_betalactamases,FIM,NA,
2976,MEG_2976,Drugs,betalactams,Class_A_betalactamases,FONA,NA,
3029,MEG_3029,Drugs,betalactams,Class_C_betalactamases,FOX,NA,
3048,MEG_3048,Drugs,betalactams,Class_A_betalactamases,FPH,NA,
3052,MEG_3052,Drugs,betalactams,Class_A_betalactamases,FRI,NA,
3062,MEG_3062,Drugs,betalactams,Class_A_betalactamases,FTU,NA,
3085,MEG_3085,Drugs,betalactams,Class_A_betalactamases,GES,NA,
3136,MEG_3136,Drugs,betalactams,Class_A_betalactamases,GIL,NA,
3137,MEG_3137,Drugs,betalactams,Class_B_betalactamases,GIM,NA,
3145,MEG_3145,Drugs,betalactams,Class_B_betalactamases,GOB,NA,
3169,MEG_3169,Drugs,betalactams,Class_A_betalactamases,GPC,NA,
3170,MEG_3170,Drugs,betalactams,Class_B_betalactamases,GRD,NA,
3258,MEG_3258,Drugs,betalactams,Class_A_betalactamases,HERA,NA,
3266,MEG_3266,Drugs,betalactams,Class_B_betalactamases,HMB,NA,
3280,MEG_3280,Drugs,betalactams,Class_A_betalactamases,HUGA,NA,
3297,MEG_3297,Drugs,betalactams,Class_A_betalactamases,IMI,NA,
3314,MEG_3314,Drugs,betalactams,Class_B_betalactamases,IMP,NA,
3400,MEG_3400,Drugs,betalactams,Class_B_betalactamases,IND,NA,
3441,MEG_3441,Drugs,betalactams,Class_B_betalactamases,JOHN,NA,
3451,MEG_3451,Drugs,betalactams,Class_B_betalactamases,KHM,NA,
3454,MEG_3454,Drugs,betalactams,Class_A_betalactamases,KLUC,NA,
3462,MEG_3462,Drugs,betalactams,Class_A_betalactamases,KPC,NA,
3517,MEG_3517,Drugs,betalactams,Class_B_betalactamases,L1,NA,
3535,MEG_3535,Drugs,betalactams,Class_A_betalactamases,LAP,NA,
3537,MEG_3537,Drugs,betalactams,Class_C_betalactamases,LAT,NA,
3538,MEG_3538,Drugs,betalactams,Class_D_betalactamases,LCR,NA,
3540,MEG_3540,Drugs,betalactams,Class_A_betalactamases,LEN,NA,
3580,MEG_3580,Drugs,betalactams,Class_A_betalactamases,LHK,NA,
3628,MEG_3628,Drugs,betalactams,Class_B_betalactamases,LRA,NA,
3640,MEG_3640,Drugs,betalactams,Class_A_betalactamases,LRG,NA,
3649,MEG_3649,Drugs,betalactams,Class_A_betalactamases,LUS,NA,
3650,MEG_3650,Drugs,betalactams,Class_A_betalactamases,LUT,NA,
3656,MEG_3656,Drugs,betalactams,Class_A_betalactamases,M1,NA,
3659,MEG_3659,Drugs,betalactams,Class_A_betalactamases,MAL,NA,
3664,MEG_3664,Drugs,betalactams,Class_C_betalactamases,MCA,NA,
3766,MEG_3766,Drugs,betalactams,Penicillin_binding_protein,MECA,NA,
3795,MEG_3795,Drugs,betalactams,Penicillin_binding_protein,MECB,NA,
3797,MEG_3797,Drugs,betalactams,Penicillin_binding_protein,MECC,NA,
3801,MEG_3801,Drugs,betalactams,Penicillin_binding_protein,MECD,NA,
3802,MEG_3802,Drugs,betalactams,Penicillin_binding_protein_regulator,MECI,NA,
3949,MEG_3949,Drugs,betalactams,Class_C_betalactamases,MIR,NA,
4001,MEG_4001,Drugs,betalactams,Class_B_betalactamases,MOC,NA,
4013,MEG_4013,Drugs,betalactams,Class_C_betalactamases,MOX,NA,
4062,MEG_4062,Drugs,betalactams,Class_B_betalactamases,MSI,NA,
4098,MEG_4098,Drugs,betalactams,Class_B_betalactamases,MUS,NA,
4105,MEG_4105,Drugs,betalactams,Class_B_betalactamases,MYO,NA,
4108,MEG_4108,Drugs,betalactams,Class_B_betalactamases,MYX,NA,
4133,MEG_4133,Drugs,betalactams,Class_B_betalactamases,NDM,NA,
4201,MEG_4201,Drugs,betalactams,Class_A_betalactamases,NMCA,NA,
4216,MEG_4216,Drugs,betalactams,Class_D_betalactamases,NPS,NA,
4224,MEG_4224,Drugs,betalactams,Class_C_betalactamases,OCH,NA,
4233,MEG_4233,Drugs,betalactams,Class_A_betalactamases,OHIO,NA,
4234,MEG_4234,Drugs,betalactams,Class_A_betalactamases,OKP,NA,
4279,MEG_4279,Drugs,betalactams,Mutant_porin_proteins,OMP36,RequiresSNPConfirmation,
4283,MEG_4283,Drugs,betalactams,Mutant_porin_proteins,OMP37,NA,
4284,MEG_4284,Drugs,betalactams,Mutant_porin_proteins,OMP38,NA,
4285,MEG_4285,Drugs,betalactams,Mutant_porin_proteins,OMPD,NA,
4289,MEG_4289,Drugs,betalactams,Mutant_porin_proteins,OMPFB,RequiresSNPConfirmation,
4290,MEG_4290,Drugs,betalactams,Mutant_porin_proteins,OMPR,NA,
4296,MEG_4296,Drugs,betalactams,Mutant_porin_proteins,OPRD,RequiresSNPConfirmation,
4370,MEG_4370,Drugs,betalactams,Class_A_betalactamases,ORN,NA,
4376,MEG_4376,Drugs,betalactams,Class_B_betalactamases,ORR,NA,
4384,MEG_4384,Drugs,betalactams,Class_D_betalactamases,OXA,NA,
5278,MEG_5278,Drugs,betalactams,Class_A_betalactamases,OXY,NA,
5324,MEG_5324,Drugs,betalactams,Class_C_betalactamases,PAC,NA,
5399,MEG_5399,Drugs,betalactams,Penicillin_binding_protein,PBP1A,RequiresSNPConfirmation,
5400,MEG_5400,Drugs,betalactams,Penicillin_binding_protein,PBP2,NA,
5406,MEG_5406,Drugs,betalactams,Penicillin_binding_protein,PBP2B,RequiresSNPConfirmation,
5407,MEG_5407,Drugs,betalactams,Penicillin_binding_protein,PBP2X,RequiresSNPConfirmation,
5408,MEG_5408,Drugs,betalactams,Penicillin_binding_protein,PBP3,RequiresSNPConfirmation,
5409,MEG_5409,Drugs,betalactams,Penicillin_binding_protein,PBP4B,NA,
5426,MEG_5426,Drugs,betalactams,Class_C_betalactamases,PDC,NA,
5748,MEG_5748,Drugs,betalactams,Class_B_betalactamases,PEDO,NA,
5751,MEG_5751,Drugs,betalactams,Class_A_betalactamases,PENA,NA,
5753,MEG_5753,Drugs,betalactams,Class_A_betalactamases,PENI,NA,
5757,MEG_5757,Drugs,betalactams,Class_A_betalactamases,PER,NA,
5788,MEG_5788,Drugs,betalactams,Class_A_betalactamases,PLA,NA,
5792,MEG_5792,Drugs,betalactams,Class_B_betalactamases,PLN,NA,
5793,MEG_5793,Drugs,betalactams,Class_A_betalactamases,PME,NA,
5804,MEG_5804,Drugs,betalactams,Class_B_betalactamases,PNGM,NA,
5805,MEG_5805,Drugs,betalactams,Class_B_betalactamases,POM,NA,
5810,MEG_5810,Drugs,betalactams,Class_A_betalactamases,PSE,NA,
5812,MEG_5812,Drugs,betalactams,Class_B_betalactamases,PST,NA,
5818,MEG_5818,Drugs,betalactams,Class_A_betalactamases,PSV,NA,
6040,MEG_6040,Drugs,betalactams,Class_D_betalactamases,R39,NA,
6041,MEG_6041,Drugs,betalactams,Class_A_betalactamases,RAHN,NA,
6051,MEG_6051,Drugs,betalactams,Class_A_betalactamases,RCP,NA,
6059,MEG_6059,Drugs,betalactams,Class_B_betalactamases,RM3,NA,
6075,MEG_6075,Drugs,betalactams,Class_A_betalactamases,ROB,NA,
6148,MEG_6148,Drugs,betalactams,Class_A_betalactamases,RSA,NA,
6150,MEG_6150,Drugs,betalactams,Class_A_betalactamases,RTG,NA,
6152,MEG_6152,Drugs,betalactams,Class_A_betalactamases,RUB,NA,
6171,MEG_6171,Drugs,betalactams,Class_A_betalactamases,SCO,NA,
6177,MEG_6177,Drugs,betalactams,Class_A_betalactamases,SED,NA,
6181,MEG_6181,Drugs,betalactams,Class_B_betalactamases,SFB,NA,
6182,MEG_6182,Drugs,betalactams,Class_A_betalactamases,SFC,NA,
6183,MEG_6183,Drugs,betalactams,Class_B_betalactamases,SFH,NA,
6184,MEG_6184,Drugs,betalactams,Class_B_betalactamases,SFH1,NA,
6185,MEG_6185,Drugs,betalactams,Class_A_betalactamases,SFO,NA,
6187,MEG_6187,Drugs,betalactams,Class_B_betalactamases,SHN,NA,
6188,MEG_6188,Drugs,betalactams,Class_A_betalactamases,SHV,NA,
6511,MEG_6511,Drugs,betalactams,Class_B_betalactamases,SIM,NA,
6517,MEG_6517,Drugs,betalactams,Class_B_betalactamases,SLB,NA,
6518,MEG_6518,Drugs,betalactams,Class_B_betalactamases,SMB,NA,
6553,MEG_6553,Drugs,betalactams,Class_B_betalactamases,SPG,NA,
6554,MEG_6554,Drugs,betalactams,Class_B_betalactamases,SPM,NA,
6555,MEG_6555,Drugs,betalactams,Class_B_betalactamases,SPN,NA,
6556,MEG_6556,Drugs,betalactams,Class_B_betalactamases,SPR,NA,
6557,MEG_6557,Drugs,betalactams,Class_B_betalactamases,SPS,NA,
6565,MEG_6565,Drugs,betalactams,Class_C_betalactamases,SRT,NA,
6574,MEG_6574,Drugs,betalactams,Class_B_betalactamases,STA,NA,
6657,MEG_6657,Drugs,betalactams,Class_A_betalactamases,TEM,NA,
6953,MEG_6953,Drugs,betalactams,Class_A_betalactamases,TER,NA,
7249,MEG_7249,Drugs,betalactams,Class_B_betalactamases,THINB,NA,
7251,MEG_7251,Drugs,betalactams,Class_A_betalactamases,TLA,NA,
7260,MEG_7260,Drugs,betalactams,Class_B_betalactamases,TMB,NA,
7284,MEG_7284,Drugs,betalactams,Class_C_betalactamases,TRU,NA,
7300,MEG_7300,Drugs,betalactams,Class_B_betalactamases,TTU,NA,
7326,MEG_7326,Drugs,betalactams,Class_B_betalactamases,TUS,NA,
7618,MEG_7618,Drugs,betalactams,Class_B_betalactamases,VARG,NA,
7636,MEG_7636,Drugs,betalactams,Class_A_betalactamases,VCC,NA,
7644,MEG_7644,Drugs,betalactams,Class_A_betalactamases,VEB,NA,
7695,MEG_7695,Drugs,betalactams,Class_A_betalactamases,VHW,NA,
7696,MEG_7696,Drugs,betalactams,Class_B_betalactamases,VIM,NA,
7807,MEG_7807,Drugs,betalactams,Class_A_betalactamases,WHH,NA,
7860,MEG_7860,Drugs,betalactams,Class_B_betalactamases,ZOG,NA,
7881,MEG_7881,Drugs,betalactams,Class_A_betalactamases,AAK,NA,
7974,MEG_7974,Drugs,betalactams,Class_C_betalactamase_regulator,AMPCR,RequiresSNPConfirmation,
8060,MEG_8060,Drugs,betalactams,Class_B_betalactamases,CVI,NA,
8155,MEG_8155,Drugs,betalactams,Class_C_betalactamases,IDC,NA,
8212,MEG_8212,Drugs,betalactams,Class_C_betalactamases,LAQ,NA,
8288,MEG_8288,Drugs,betalactams,Mutant_porin_proteins,OMPA,NA,
8290,MEG_8290,Drugs,betalactams,Mutant_porin_proteins,OMPK36,RequiresSNPConfirmation,
8453,MEG_8453,Drugs,betalactams,Penicillin_binding_protein,PBP1,RequiresSNPConfirmation,
8459,MEG_8459,Drugs,betalactams,Penicillin_binding_protein,PBP4,RequiresSNPConfirmation,
8461,MEG_8461,Drugs,betalactams,Penicillin_binding_protein,PBP5,RequiresSNPConfirmation,
8628,MEG_8628,Drugs,betalactams,Class_B_betalactamases,PFM,NA,
8632,MEG_8632,Drugs,betalactams,Penicillin_binding_protein,PILQ,RequiresSNPConfirmation,
8640,MEG_8640,Drugs,betalactams,Class_C_betalactamases,PRC,NA,
8682,MEG_8682,Drugs,betalactams,Class_C_betalactamases,RSC,NA,
8683,MEG_8683,Drugs,betalactams,Class_D_betalactamases,RSD 1,NA,
8684,MEG_8684,Drugs,betalactams,Class_D_betalactamases,RSD 2,NA,
8695,MEG_8695,Drugs,betalactams,Class_C_betalactamases,SFDC,NA,
8724,MEG_8724,Drugs,betalactams,Class_B_betalactamases,VAM,NA,
8739,MEG_8739,Drugs,betalactams,Class_B_betalactamases,VMB,NA,
8740,MEG_8740,Drugs,betalactams,Class_B_betalactamases,WUS,NA,
8742,MEG_8742,Drugs,betalactams,Class_B_betalactamases,YEM,NA,
8743,MEG_8743,Drugs,betalactams,Class_C_betalactamases,YRC,NA,
2133,MEG_2133,Drugs,Fluoroquinolones,Fluoroquinolone_resistance_phosphotransferase,CRPP,NA,
3176,MEG_3176,Drugs,Fluoroquinolones,Fluoroquinolone-resistant_DNA_topoisomerases,GYRA,RequiresSNPConfirmation,
3238,MEG_3238,Drugs,Fluoroquinolones,Fluoroquinolone-resistant_DNA_topoisomerases,GYRB,RequiresSNPConfirmation,
3251,MEG_3251,Drugs,Fluoroquinolones,Fluoroquinolone-resistant_DNA_topoisomerases,GYRC,RequiresSNPConfirmation,
3942,MEG_3942,Drugs,Fluoroquinolones,Quinolone_resistance_protein_Qnr,MFPA,NA,
5325,MEG_5325,Drugs,Fluoroquinolones,Fluoroquinolone-resistant_DNA_topoisomerases,PARC,RequiresSNPConfirmation,
5394,MEG_5394,Drugs,Fluoroquinolones,Fluoroquinolone-resistant_DNA_topoisomerases,PAREF,RequiresSNPConfirmation,
5397,MEG_5397,Drugs,Fluoroquinolones,Fluoroquinolone_ABC_efflux_pump,PATA,NA,
5398,MEG_5398,Drugs,Fluoroquinolones,Fluoroquinolone_ABC_efflux_pump,PATB,NA,
5858,MEG_5858,Drugs,Fluoroquinolones,Quinolone_active_efflux,QEPA,NA,
5868,MEG_5868,Drugs,Fluoroquinolones,Quinolone_resistance_protein_Qnr,QNRA,NA,
5878,MEG_5878,Drugs,Fluoroquinolones,Quinolone_resistance_protein_Qnr,QNRB,NA,
6010,MEG_6010,Drugs,Fluoroquinolones,Quinolone_resistance_protein_Qnr,QNRC,NA,
6012,MEG_6012,Drugs,Fluoroquinolones,Quinolone_resistance_protein_Qnr,QNRD,NA,
6015,MEG_6015,Drugs,Fluoroquinolones,Quinolone_resistance_protein_Qnr,QNRE,NA,
6017,MEG_6017,Drugs,Fluoroquinolones,Quinolone_resistance_protein_Qnr,QNRS,NA,
6033,MEG_6033,Drugs,Fluoroquinolones,Quinolone_resistance_protein_Qnr,QNRVC,NA,
8142,MEG_8142,Drugs,Fluoroquinolones,Fluoroquinolone-resistant_DNA_topoisomerases,GRLA,RequiresSNPConfirmation,
8143,MEG_8143,Drugs,Fluoroquinolones,Fluoroquinolone-resistant_DNA_topoisomerases,GRLB,RequiresSNPConfirmation,
369,MEG_369,Drugs,Fosfomycin,Fosfomycin_MFS_efflux_pump,ABAF,NA,
370,MEG_370,Drugs,Fosfomycin,Fosfomycin_MFS_efflux_pump,ABAQ,NA,
2973,MEG_2973,Drugs,Fosfomycin,Fosfomycin_phosphorylation,FOMA,NA,
2974,MEG_2974,Drugs,Fosfomycin,Fosfomycin_phosphorylation,FOMB,NA,
2982,MEG_2982,Drugs,Fosfomycin,Fosfomycin_thiol_transferases,FOSA,NA,
3004,MEG_3004,Drugs,Fosfomycin,Fosfomycin_thiol_transferases,FOSB,NA,
3016,MEG_3016,Drugs,Fosfomycin,Fosfomycin_thiol_transferases,FOSC,NA,
3018,MEG_3018,Drugs,Fosfomycin,Fosfomycin_thiol_transferases,FOSD,NA,
3019,MEG_3019,Drugs,Fosfomycin,Fosfomycin_thiol_transferases,FOSE,NA,
3021,MEG_3021,Drugs,Fosfomycin,Fosfomycin_thiol_transferases,FOSF,NA,
3022,MEG_3022,Drugs,Fosfomycin,Fosfomycin_thiol_transferases,FOSG,NA,
3023,MEG_3023,Drugs,Fosfomycin,Fosfomycin_thiol_transferases,FOSK,NA,
3024,MEG_3024,Drugs,Fosfomycin,Fosfomycin_thiol_transferases,FOSX,NA,
3143,MEG_3143,Drugs,Fosfomycin,Fosfomycin_target_mutation,GLPT,RequiresSNPConfirmation,
4092,MEG_4092,Drugs,Fosfomycin,Fosfomycin_target_mutation,MURA,RequiresSNPConfirmation,
5819,MEG_5819,Drugs,Fosfomycin,Fosfomycin_target_mutation,PTSL,RequiresSNPConfirmation,
7329,MEG_7329,Drugs,Fosfomycin,Fosfomycin_target_mutation,UHPT,RequiresSNPConfirmation,
8090,MEG_8090,Drugs,Fosfomycin,Fosfomycin_thiol_transferases,FOSL,NA,
8091,MEG_8091,Drugs,Fosfomycin,Fosfomycin_thiol_transferases,FOSM,NA,
8094,MEG_8094,Drugs,Fosfomycin,Fosfomycin_thiol_transferases,FOSU,NA,
8095,MEG_8095,Drugs,Fosfomycin,Fosfomycin_thiol_transferases,FOSY,NA,
1457,MEG_1457,Drugs,Glycopeptides,Bleomycin_resistance_protein,BLE,NA,
1461,MEG_1461,Drugs,Glycopeptides,Bleomycin_resistance_protein,BLM,NA,
1477,MEG_1477,Drugs,Glycopeptides,Bleomycin_resistance_protein,BRP,NA,
4097,MEG_4097,Drugs,Glycopeptides,Vancomycin-resistant_mutation,MURG,RequiresSNPConfirmation,
6138,MEG_6138,Drugs,Glycopeptides,Vancomycin-resistant_mutation,RPOC,RequiresSNPConfirmation,
7255,MEG_7255,Drugs,Glycopeptides,Bleomycin_resistance_protein,TLMB,NA,
7331,MEG_7331,Drugs,Glycopeptides,VanA-type_resistance_protein,VAN,NA,
7336,MEG_7336,Drugs,Glycopeptides,VanA-type_resistance_protein,VANA,NA,
7345,MEG_7345,Drugs,Glycopeptides,VanB-type_resistance_protein,VANB,NA,
7356,MEG_7356,Drugs,Glycopeptides,VanC-type_resistance_protein,VANC,NA,
7383,MEG_7383,Drugs,Glycopeptides,VanD-type_resistance_protein,VAND,NA,
7390,MEG_7390,Drugs,Glycopeptides,VanE-type_resistance_protein,VANE,NA,
7392,MEG_7392,Drugs,Glycopeptides,VanG-type_resistance_protein,VANG,NA,
7398,MEG_7398,Drugs,Glycopeptides,VanA-type_resistance_protein,VANHA,NA,
7413,MEG_7413,Drugs,Glycopeptides,VanB-type_resistance_protein,VANHB,NA,
7419,MEG_7419,Drugs,Glycopeptides,VanD-type_resistance_protein,VANHD,NA,
7439,MEG_7439,Drugs,Glycopeptides,VanI-type_resistance_protein,VANI,NA,
7443,MEG_7443,Drugs,Glycopeptides,VanK-type_resistance_protein,VANK,NA,
7444,MEG_7444,Drugs,Glycopeptides,VanL-type_resistance_protein,VANL,NA,
7446,MEG_7446,Drugs,Glycopeptides,VanN-type_resistance_protein,VANN,NA,
7449,MEG_7449,Drugs,Glycopeptides,VanA-type_regulator,VANRA,NA,
7460,MEG_7460,Drugs,Glycopeptides,VanB-type_regulator,VANRB,NA,
7470,MEG_7470,Drugs,Glycopeptides,VanC-type_regulator,VANRC,NA,
7475,MEG_7475,Drugs,Glycopeptides,VanD-type_regulator,VANRD,NA,
7480,MEG_7480,Drugs,Glycopeptides,VanE-type_regulator,VANRE,NA,
7481,MEG_7481,Drugs,Glycopeptides,VanG-type_regulator,VANRG,NA,
7482,MEG_7482,Drugs,Glycopeptides,VanL-type_regulator,VANRI,NA,
7483,MEG_7483,Drugs,Glycopeptides,VanL-type_regulator,VANRL,NA,
7484,MEG_7484,Drugs,Glycopeptides,VanN-type_regulator,VANRN,NA,
7485,MEG_7485,Drugs,Glycopeptides,VanO-type_regulator,VANRO,NA,
7486,MEG_7486,Drugs,Glycopeptides,VanA-type_regulator,VANSA,NA,
7490,MEG_7490,Drugs,Glycopeptides,VanB-type_regulator,VANSB,NA,
7497,MEG_7497,Drugs,Glycopeptides,VanC-type_regulator,VANSC,NA,
7504,MEG_7504,Drugs,Glycopeptides,VanD-type_regulator,VANSD,NA,
7511,MEG_7511,Drugs,Glycopeptides,VanE-type_regulator,VANSE,NA,
7512,MEG_7512,Drugs,Glycopeptides,VanG-type_regulator,VANSG,NA,
7514,MEG_7514,Drugs,Glycopeptides,VanL-type_regulator,VANSL,NA,
7515,MEG_7515,Drugs,Glycopeptides,VanM-type_regulator,VANSM,NA,
7521,MEG_7521,Drugs,Glycopeptides,VanN-type_regulator,VANSN,NA,
7522,MEG_7522,Drugs,Glycopeptides,VanO-type_regulator,VANSO,NA,
7524,MEG_7524,Drugs,Glycopeptides,VanC-type_resistance_protein,VANTC,NA,
7530,MEG_7530,Drugs,Glycopeptides,VanE-type_resistance_protein,VANTE,NA,
7531,MEG_7531,Drugs,Glycopeptides,VanG-type_resistance_protein,VANTG,NA,
7533,MEG_7533,Drugs,Glycopeptides,VanL-type_resistance_protein,VANTML,NA,
7534,MEG_7534,Drugs,Glycopeptides,VanN-type_resistance_protein,VANTN,NA,
7536,MEG_7536,Drugs,Glycopeptides,VanL-type_resistance_protein,VANTRL,NA,
7537,MEG_7537,Drugs,Glycopeptides,VanA-type_accessory_protein,VANWA,NA,
7538,MEG_7538,Drugs,Glycopeptides,VanB-type_accessory_protein,VANWB,NA,
7543,MEG_7543,Drugs,Glycopeptides,VanG-type_accessory_protein,VANWG,NA,
7545,MEG_7545,Drugs,Glycopeptides,VanI-type_accessory_protein,VANWI,NA,
7547,MEG_7547,Drugs,Glycopeptides,VanA-type_resistance_protein,VANXA,NA,
7558,MEG_7558,Drugs,Glycopeptides,VanB-type_resistance_protein,VANXB,NA,
7564,MEG_7564,Drugs,Glycopeptides,VanD-type_resistance_protein,VANXD,NA,
7570,MEG_7570,Drugs,Glycopeptides,VanI-type_resistance_protein,VANXI,NA,
7571,MEG_7571,Drugs,Glycopeptides,VanM-type_resistance_protein,VANXM,NA,
7573,MEG_7573,Drugs,Glycopeptides,VanO-type_resistance_protein,VANXO,NA,
7574,MEG_7574,Drugs,Glycopeptides,VanC-type_resistance_protein,VANXYC,NA,
7586,MEG_7586,Drugs,Glycopeptides,VanE-type_resistance_protein,VANXYE,NA,
7588,MEG_7588,Drugs,Glycopeptides,VanG-type_resistance_protein,VANXYG,NA,
7590,MEG_7590,Drugs,Glycopeptides,VanL-type_resistance_protein,VANXYL,NA,
7591,MEG_7591,Drugs,Glycopeptides,VanN-type_resistance_protein,VANXYN,NA,
7592,MEG_7592,Drugs,Glycopeptides,VanA-type_accessory_protein,VANYA,NA,
7598,MEG_7598,Drugs,Glycopeptides,VanD-type_accessory_protein,VANYB,NA,
7599,MEG_7599,Drugs,Glycopeptides,VanD-type_accessory_protein,VANYD,NA,
7606,MEG_7606,Drugs,Glycopeptides,VanF-type_accessory_protein,VANYF,NA,
7613,MEG_7613,Drugs,Glycopeptides,VanG-type_accessory_protein,VANYG,NA,
7615,MEG_7615,Drugs,Glycopeptides,VanA-type_accessory_protein,VANZA,NA,
7844,MEG_7844,Drugs,Glycopeptides,Bleomycin_resistance_protein,ZBMA,NA,
8725,MEG_8725,Drugs,Glycopeptides,VanR-type_regulator,VANRS,NA,
1642,MEG_1642,Drugs,Lipopeptides,Daptomycin-resistant_mutant,CDSA,RequiresSNPConfirmation,
1730,MEG_1730,Drugs,Lipopeptides,Daptomycin-resistant_mutant,CLS,RequiresSNPConfirmation,
3175,MEG_3175,Drugs,Lipopeptides,Daptomycin-resistant_mutant,GSHF,RequiresSNPConfirmation,
3292,MEG_3292,Drugs,Lipopeptides,Colistin_phosphoethanolamine_transferase,ICR,NA,
3586,MEG_3586,Drugs,Lipopeptides,Daptomycin-resistant_mutant,LIAFSR,RequiresSNPConfirmation,
3626,MEG_3626,Drugs,Lipopeptides,Colistin-resistant_mutant,LPXA,RequiresSNPConfirmation,
3627,MEG_3627,Drugs,Lipopeptides,Colistin-resistant_mutant,LPXC,RequiresSNPConfirmation,
3666,MEG_3666,Drugs,Lipopeptides,Colistin_phosphoethanolamine_transferase,MCR,NA,
3831,MEG_3831,Drugs,Lipopeptides,Lysocin-resistant_mutant,MENA,RequiresSNPConfirmation,
4057,MEG_4057,Drugs,Lipopeptides,Daptomycin-resistant_mutant,MPRFD,RequiresSNPConfirmation,
5776,MEG_5776,Drugs,Lipopeptides,Lipid_A_phosphatase,PGBB,NA,
5779,MEG_5779,Drugs,Lipopeptides,Daptomycin-resistant_mutant,PGSA,RequiresSNPConfirmation,
5784,MEG_5784,Drugs,Lipopeptides,Colistin-resistant_mutant,PHOP,RequiresSNPConfirmation,
5785,MEG_5785,Drugs,Lipopeptides,Colistin-resistant_mutant,PHOQ,RequiresSNPConfirmation,
6136,MEG_6136,Drugs,Lipopeptides,Daptomycin-resistant_beta-subunit_of_RNA_polymerase_RpoB,RPOBL,RequiresSNPConfirmation,MEG_6136|Drugs|Multi-drug_resistance|MDR_mutation|MRPOB|RequiresSNPConfirmation
6139,MEG_6139,Drugs,Lipopeptides,Daptomycin-resistant_beta-subunit_of_RNA_polymerase_RpoC,RPOCL,RequiresSNPConfirmation,
7806,MEG_7806,Drugs,Lipopeptides,Daptomycin-resistant_mutant,WALK,RequiresSNPConfirmation,
7840,MEG_7840,Drugs,Lipopeptides,Defensin-resistant_mutant,YKKCL,RequiresSNPConfirmation,
7843,MEG_7843,Drugs,Lipopeptides,Daptomycin-resistant_mutant,YYBT,RequiresSNPConfirmation,
7976,MEG_7976,Drugs,Lipopeptides,Colistin_phosphoethanolamine_transferase,ARNT,NA,
8035,MEG_8035,Drugs,Lipopeptides,Colistin_phosphoethanolamine_transferase,CPRR,NA,
8036,MEG_8036,Drugs,Lipopeptides,Colistin_phosphoethanolamine_transferase,CPRS,NA,
8080,MEG_8080,Drugs,Lipopeptides,Colistin_phosphoethanolamine_transferase,EPTB,NA,
8230,MEG_8230,Drugs,Lipopeptides,Colistin-resistant_mutant,LPSA,NA,
8231,MEG_8231,Drugs,Lipopeptides,Colistin-resistant_mutant,LPSB,NA,
8634,MEG_8634,Drugs,Lipopeptides,Colistin-resistant_mutant,PMRAR,RequiresSNPConfirmation,
1679,MEG_1679,Drugs,MLS,23S_rRNA_methyltransferases,CFR,NA,
1712,MEG_1712,Drugs,MLS,23S_rRNA_methyltransferases,CHRBM,NA,
2738,MEG_2738,Drugs,MLS,23S_rRNA_methyltransferases,EMTA,NA,
2740,MEG_2740,Drugs,MLS,Macrolide_esterases,EREA,NA,
2752,MEG_2752,Drugs,MLS,Macrolide_esterases,EREB,NA,
2754,MEG_2754,Drugs,MLS,Macrolide_esterases,ERED,NA,
2755,MEG_2755,Drugs,MLS,23S_rRNA_methyltransferases,ERM,NA,
2774,MEG_2774,Drugs,MLS,23S_rRNA_methyltransferases,ERM30,NA,
2775,MEG_2775,Drugs,MLS,23S_rRNA_methyltransferases,ERM32,NA,
2777,MEG_2777,Drugs,MLS,23S_rRNA_methyltransferases,ERM37,NA,
2778,MEG_2778,Drugs,MLS,23S_rRNA_methyltransferases,ERM41,NA,
2779,MEG_2779,Drugs,MLS,23S_rRNA_methyltransferases,ERM42,NA,
2782,MEG_2782,Drugs,MLS,23S_rRNA_methyltransferases,ERM44,NA,
2783,MEG_2783,Drugs,MLS,23S_rRNA_methyltransferases,ERMA,NA,
2788,MEG_2788,Drugs,MLS,23S_rRNA_methyltransferases,ERMB,NA,
2808,MEG_2808,Drugs,MLS,23S_rRNA_methyltransferases,ERMC,NA,
2823,MEG_2823,Drugs,MLS,23S_rRNA_methyltransferases,ERMD,NA,
2826,MEG_2826,Drugs,MLS,23S_rRNA_methyltransferases,ERME,NA,
2828,MEG_2828,Drugs,MLS,23S_rRNA_methyltransferases,ERMF,NA,
2834,MEG_2834,Drugs,MLS,23S_rRNA_methyltransferases,ERMG,NA,
2837,MEG_2837,Drugs,MLS,23S_rRNA_methyltransferases,ERMH,NA,
2838,MEG_2838,Drugs,MLS,23S_rRNA_methyltransferases,ERMN,NA,
2839,MEG_2839,Drugs,MLS,23S_rRNA_methyltransferases,ERMO,NA,
2841,MEG_2841,Drugs,MLS,23S_rRNA_methyltransferases,ERMQ,NA,
2843,MEG_2843,Drugs,MLS,23S_rRNA_methyltransferases,ERMR,NA,
2845,MEG_2845,Drugs,MLS,23S_rRNA_methyltransferases,ERMS,NA,
2846,MEG_2846,Drugs,MLS,23S_rRNA_methyltransferases,ERMT,NA,
2849,MEG_2849,Drugs,MLS,23S_rRNA_methyltransferases,ERMU,NA,
2851,MEG_2851,Drugs,MLS,23S_rRNA_methyltransferases,ERMV,NA,
2854,MEG_2854,Drugs,MLS,23S_rRNA_methyltransferases,ERMX,NA,
3139,MEG_3139,Drugs,MLS,Macrolide_glycosyltransferases,GIMA,NA,
3592,MEG_3592,Drugs,MLS,Lincosamide_nucleotidyltransferases,LIN,NA,
3593,MEG_3593,Drugs,MLS,23S_rRNA_methyltransferases,LLMA,NA,
3600,MEG_3600,Drugs,MLS,Lincosamide_nucleotidyltransferases,LNUA,NA,
3609,MEG_3609,Drugs,MLS,Lincosamide_nucleotidyltransferases,LNUB,NA,
3610,MEG_3610,Drugs,MLS,Lincosamide_nucleotidyltransferases,LNUC,NA,
3612,MEG_3612,Drugs,MLS,Lincosamide_nucleotidyltransferases,LNUE,NA,
3613,MEG_3613,Drugs,MLS,Lincosamide_nucleotidyltransferases,LNUF,NA,
3620,MEG_3620,Drugs,MLS,Lincosamide_nucleotidyltransferases,LNUG,NA,
3621,MEG_3621,Drugs,MLS,Lincosamide_nucleotidyltransferases,LNUP,NA,
3641,MEG_3641,Drugs,MLS,MLS_resistance_ABC_efflux_pumps,LSA,NA,
3805,MEG_3805,Drugs,MLS,MLS_resistance_MFS_efflux_pumps,MEFA,NA,
3827,MEG_3827,Drugs,MLS,MLS_resistance_MFS_efflux_pumps,MEFB,NA,
3828,MEG_3828,Drugs,MLS,MLS_resistance_MFS_efflux_pumps,MEFC,NA,
3829,MEG_3829,Drugs,MLS,MLS_resistance_MFS_efflux_pumps,MEFE,NA,
3944,MEG_3944,Drugs,MLS,Macrolide_glycosyltransferases,MGT,NA,
3975,MEG_3975,Drugs,MLS,Macrolide-resistant_23S_rRNA_mutation,MLS23S,RequiresSNPConfirmation,
4026,MEG_4026,Drugs,MLS,Macrolide_phosphotransferases,MPH,NA,
4028,MEG_4028,Drugs,MLS,Macrolide_phosphotransferases,MPHA,NA,
4031,MEG_4031,Drugs,MLS,Macrolide_phosphotransferases,MPHB,NA,
4034,MEG_4034,Drugs,MLS,Macrolide_phosphotransferases,MPHC,NA,
4041,MEG_4041,Drugs,MLS,Macrolide_phosphotransferases,MPHD,NA,
4042,MEG_4042,Drugs,MLS,Macrolide_phosphotransferases,MPHE,NA,
4045,MEG_4045,Drugs,MLS,Macrolide_phosphotransferases,MPHG,NA,
4046,MEG_4046,Drugs,MLS,Macrolide_phosphotransferases,MPHH,NA,
4047,MEG_4047,Drugs,MLS,Macrolide_phosphotransferases,MPHI,NA,
4048,MEG_4048,Drugs,MLS,Macrolide_phosphotransferases,MPHJ,NA,
4049,MEG_4049,Drugs,MLS,Macrolide_phosphotransferases,MPHK,NA,
4050,MEG_4050,Drugs,MLS,Macrolide_phosphotransferases,MPHM,NA,
4051,MEG_4051,Drugs,MLS,Macrolide_phosphotransferases,MPHN,NA,
4052,MEG_4052,Drugs,MLS,Macrolide_phosphotransferases,MPHO,NA,
4065,MEG_4065,Drugs,MLS,MLS_resistance_ABC_efflux_pumps,MSRA,NA,
4071,MEG_4071,Drugs,MLS,MLS_resistance_ABC_efflux_pumps,MSRC,NA,
4073,MEG_4073,Drugs,MLS,MLS_resistance_ABC_efflux_pumps,MSRD,NA,
4075,MEG_4075,Drugs,MLS,MLS_resistance_ABC_efflux_pumps,MSRE,NA,
4106,MEG_4106,Drugs,MLS,23S_rRNA_methyltransferases,MYRA,NA,
4275,MEG_4275,Drugs,MLS,MLS_resistance_ABC_efflux_pumps,OLEB,NA,
4276,MEG_4276,Drugs,MLS,MLS_resistance_ABC_efflux_pumps,OLEC,NA,
4277,MEG_4277,Drugs,MLS,Macrolide_glycosyltransferases,OLED,NA,
4278,MEG_4278,Drugs,MLS,Macrolide_glycosyltransferases,OLEI,NA,
6057,MEG_6057,Drugs,MLS,23S_rRNA_methyltransferases,RLMA,NA,
6058,MEG_6058,Drugs,MLS,23S_rRNA_methyltransferases,RLMH,NA,
7256,MEG_7256,Drugs,MLS,MLS_resistance_ABC_efflux_pumps,TLRC,NA,
7620,MEG_7620,Drugs,MLS,Streptogramin_A_O-acetyltransferase,VATA,NA,
7622,MEG_7622,Drugs,MLS,Streptogramin_A_O-acetyltransferase,VATB,NA,
7623,MEG_7623,Drugs,MLS,Streptogramin_A_O-acetyltransferase,VATC,NA,
7624,MEG_7624,Drugs,MLS,Streptogramin_A_O-acetyltransferase,VATD,NA,
7626,MEG_7626,Drugs,MLS,Streptogramin_A_O-acetyltransferase,VATE,NA,
7633,MEG_7633,Drugs,MLS,Streptogramin_A_O-acetyltransferase,VATF,NA,
7634,MEG_7634,Drugs,MLS,Streptogramin_A_O-acetyltransferase,VATI,NA,
7691,MEG_7691,Drugs,MLS,Streptogramin_B_ester_bond_cleavage,VGBA,NA,
7693,MEG_7693,Drugs,MLS,Streptogramin_B_ester_bond_cleavage,VGBB,NA,
7694,MEG_7694,Drugs,MLS,Streptogramin_B_ester_bond_cleavage,VGBC,NA,
8081,MEG_8081,Drugs,MLS,23S_rRNA_methyltransferases,ERM50,NA,
8082,MEG_8082,Drugs,MLS,23S_rRNA_methyltransferases,ERM51,NA,
8083,MEG_8083,Drugs,MLS,23S_rRNA_methyltransferases,ERM52,NA,
8234,MEG_8234,Drugs,MLS,MLS_resistance_ABC_efflux_pumps,MACAB,RequiresSNPConfirmation,
8243,MEG_8243,Drugs,MLS,MLS_resistance_MFS_efflux_pumps,MEFD,NA,
8244,MEG_8244,Drugs,MLS,MLS_resistance_MFS_efflux_pumps,MEFF,NA,
8246,MEG_8246,Drugs,MLS,MLS_resistance_MFS_efflux_pumps,MEFJ,NA,
8258,MEG_8258,Drugs,MLS,MLS_resistance_ABC_efflux_pumps,MSRF,NA,
8259,MEG_8259,Drugs,MLS,MLS_resistance_ABC_efflux_pumps,MSRG,NA,
8261,MEG_8261,Drugs,MLS,MLS_resistance_ABC_efflux_pumps,MSRH,NA,
8262,MEG_8262,Drugs,MLS,MLS_resistance_ABC_efflux_pumps,MSRL,NA,
8671,MEG_8671,Drugs,MLS,Macrolide-resistant_50S_rRNA_mutation,RPLD,RequiresSNPConfirmation,
4223,MEG_4223,Drugs,Oxazolidinone,Oxazolidinone-resistant_23S_rRNA_mutation,O23S,RequiresSNPConfirmation,
8670,MEG_8670,Drugs,Oxazolidinone,Oxazolidinone-resistant_23S_rRNA_mutation,RPLC,RequiresSNPConfirmation,
8679,MEG_8679,Drugs,Oxazolidinone,Oxazolidinone-resistant_23S_rRNA_mutation,RRL,RequiresSNPConfirmation,
1123,MEG_1123,Drugs,Rifampin,Rifampin_ADP-ribosyltransferase_Arr,ARR,NA,
3434,MEG_3434,Drugs,Rifampin,Monooxygenase,IRI,NA,
6047,MEG_6047,Drugs,Rifampin,RNA-polymerase_binding_protein,RBPA,NA,
6054,MEG_6054,Drugs,Rifampin,Rifampin_glycosyltransferase,RGT,NA,
6085,MEG_6085,Drugs,Rifampin,Monooxygenase,ROX,NA,
6086,MEG_6086,Drugs,Rifampin,Rifampin_phosphotransferase,RPH,NA,
6090,MEG_6090,Drugs,Rifampin,Rifampin-resistant_beta-subunit_of_RNA_polymerase_RpoB,RPOB,RequiresSNPConfirmation,
8675,MEG_8675,Drugs,Rifampin,Rifampin-resistant_beta-subunit_of_RNA_polymerase_RpoB,RPOCR,RequiresSNPConfirmation,
381,MEG_381,Biocides,Multi_biocide_resistance,Multi-biocide_RND_efflux_pump,ABUO,NA,
1107,MEG_1107,Biocides,Multi_biocide_resistance,Multi-biocide_resistance_regulator,ARIR,NA,
1467,MEG_1467,Biocides,Multi_biocide_resistance,Multi-biocide_resistance_regulator,BLTR,NA,
2697,MEG_2697,Biocides,Multi_biocide_resistance,Multi-biocide_SMR_efflux_pump,EBRA,NA,
2698,MEG_2698,Biocides,Multi_biocide_resistance,Multi-biocide_SMR_efflux_pump,EBRB,NA,
2715,MEG_2715,Biocides,Multi_biocide_resistance,Multi-biocide_RND_efflux_pump,EMHA,NA,
2716,MEG_2716,Biocides,Multi_biocide_resistance,Multi-biocide_RND_efflux_pump,EMHB,NA,
2719,MEG_2719,Biocides,Multi_biocide_resistance,Multi-biocide_RND_efflux_regulator,EMHR,NA,
2720,MEG_2720,Biocides,Multi_biocide_resistance,Multi-biocide_MATE_efflux_pump,EMMDR,NA,
3252,MEG_3252,Biocides,Multi_biocide_resistance,Multi-biocide_RND_efflux_pump,HASF,NA,
3279,MEG_3279,Biocides,Multi_biocide_resistance,Multi-biocide_resistance_protein,HSMR,NA,
3449,MEG_3449,Biocides,Multi_biocide_resistance,Multi-biocide_RND_efflux_pump,KEXD,NA,
3539,MEG_3539,Biocides,Multi_biocide_resistance,Multi-biocide_MFS_efflux_pump,LDE,NA,
3735,MEG_3735,Biocides,Multi_biocide_resistance,Multi-biocide_resistance_protein,MDEA,NA,
3935,MEG_3935,Biocides,Multi_biocide_resistance,Multi-biocide_RND_efflux_pump,MEXV,NA,
3936,MEG_3936,Biocides,Multi_biocide_resistance,Multi-biocide_RND_efflux_pump,MEXW,NA,
4297,MEG_4297,Biocides,Multi_biocide_resistance,Multi-biocide_RND_efflux_pump,OPRJ,NA,
4299,MEG_4299,Biocides,Multi_biocide_resistance,Multi-biocide_RND_efflux_pump,OPRM,NA,
5321,MEG_5321,Biocides,Multi_biocide_resistance,Multi-biocide_resistance_regulator,OXYRKP,NA,
5415,MEG_5415,Biocides,Multi_biocide_resistance,Multi-biocide_resistance_regulator,PCM,NA,
5747,MEG_5747,Biocides,Multi_biocide_resistance,Multi-biocide_MATE_efflux_pump,PDRM,NA,
6140,MEG_6140,Biocides,Multi_biocide_resistance,Multi-biocide_resistance_regulator,RPOS,NA,
6519,MEG_6519,Biocides,Multi_biocide_resistance,Multi-biocide_ABC_efflux_pump,SMDA,NA,
6520,MEG_6520,Biocides,Multi_biocide_resistance,Multi-biocide_ABC_efflux_pump,SMDB,NA,
6531,MEG_6531,Biocides,Multi_biocide_resistance,Multi-biocide_MFS_efflux_pump,SMFY,NA,
6535,MEG_6535,Biocides,Multi_biocide_resistance,Multi-biocide_ABC_efflux_pump,SMRA,NA,
6539,MEG_6539,Biocides,Multi_biocide_resistance,Multi-biocide_MFS_efflux_pump,SMVA,NA,
6549,MEG_6549,Biocides,Multi_biocide_resistance,Multi-biocide_resistance_regulator,SOXRB,NA,
6559,MEG_6559,Biocides,Multi_biocide_resistance,Multi-biocide_RND_efflux_pump,SRPA,NA,
6560,MEG_6560,Biocides,Multi_biocide_resistance,Multi-biocide_RND_efflux_pump,SRPB,NA,
6561,MEG_6561,Biocides,Multi_biocide_resistance,Multi-biocide_RND_efflux_pump,SRPC,NA,
6563,MEG_6563,Biocides,Multi_biocide_resistance,Multi-biocide_RND_efflux_regulator,SRPR,NA,
6564,MEG_6564,Biocides,Multi_biocide_resistance,Multi-biocide_RND_efflux_regulator,SRPS,NA,
6572,MEG_6572,Biocides,Multi_biocide_resistance,Multi-biocide_SMR_efflux_pump,SSME,NA,
6575,MEG_6575,Biocides,Multi_biocide_resistance,Multi-biocide_SMR_efflux_pump,SUGE,NA,
6645,MEG_6645,Biocides,Multi_biocide_resistance,Multi-biocide_RND_efflux_pump,TBTA,NA,
6646,MEG_6646,Biocides,Multi_biocide_resistance,Multi-biocide_RND_efflux_pump,TBTB,NA,
6647,MEG_6647,Biocides,Multi_biocide_resistance,Multi-biocide_RND_efflux_pump,TBTM,NA,
6648,MEG_6648,Biocides,Multi_biocide_resistance,Multi-biocide_RND_efflux_regulator,TBTR,NA,
7263,MEG_7263,Biocides,Multi_biocide_resistance,Multi-biocide_RND_efflux_pump,TOLC,NA,
7268,MEG_7268,Biocides,Multi_biocide_resistance,Multi-biocide_RND_efflux_pump,TOLCSM,NA,
7292,MEG_7292,Biocides,Multi_biocide_resistance,Multi-biocide_RND_efflux_pump,TTGE,NA,
7293,MEG_7293,Biocides,Multi_biocide_resistance,Multi-biocide_RND_efflux_pump,TTGF,NA,
7297,MEG_7297,Biocides,Multi_biocide_resistance,Multi-biocide_RND_efflux_regulator,TTGT,NA,
7298,MEG_7298,Biocides,Multi_biocide_resistance,Multi-biocide_RND_efflux_regulator,TTGV,NA,
7299,MEG_7299,Biocides,Multi_biocide_resistance,Multi-biocide_RND_efflux_regulator,TTGW,NA,
7635,MEG_7635,Biocides,Multi_biocide_resistance,Multi-biocide_ABC_efflux_pump,VCAM,NA,
7643,MEG_7643,Biocides,Multi_biocide_resistance,Multi-biocide_MATE_efflux_pump,VCRM,NA,
7770,MEG_7770,Biocides,Multi_biocide_resistance,Multi-biocide_RND_efflux_pump,VMEA,NA,
7784,MEG_7784,Biocides,Multi_biocide_resistance,Multi-biocide_RND_efflux_pump,VMEB,NA,
7786,MEG_7786,Biocides,Multi_biocide_resistance,Multi-biocide_RND_efflux_pump,VMEC,NA,
7787,MEG_7787,Biocides,Multi_biocide_resistance,Multi-biocide_RND_efflux_pump,VMED,NA,
7788,MEG_7788,Biocides,Multi_biocide_resistance,Multi-biocide_RND_efflux_pump,VMEE,NA,
7789,MEG_7789,Biocides,Multi_biocide_resistance,Multi-biocide_RND_efflux_pump,VMEF,NA,
7790,MEG_7790,Biocides,Multi_biocide_resistance,Multi-biocide_RND_efflux_pump,VMEG,NA,
7791,MEG_7791,Biocides,Multi_biocide_resistance,Multi-biocide_RND_efflux_pump,VMEH,NA,
7792,MEG_7792,Biocides,Multi_biocide_resistance,Multi-biocide_RND_efflux_pump,VMEI,NA,
7793,MEG_7793,Biocides,Multi_biocide_resistance,Multi-biocide_RND_efflux_pump,VMEJ,NA,
7794,MEG_7794,Biocides,Multi_biocide_resistance,Multi-biocide_RND_efflux_pump,VMEK,NA,
7795,MEG_7795,Biocides,Multi_biocide_resistance,Multi-biocide_RND_efflux_pump,VMEP,NA,
7796,MEG_7796,Biocides,Multi_biocide_resistance,Multi-biocide_RND_efflux_pump,VMEQ,NA,
7797,MEG_7797,Biocides,Multi_biocide_resistance,Multi-biocide_RND_efflux_pump,VMET,NA,
7798,MEG_7798,Biocides,Multi_biocide_resistance,Multi-biocide_RND_efflux_pump,VMEU,NA,
7799,MEG_7799,Biocides,Multi_biocide_resistance,Multi-biocide_RND_efflux_pump,VMEV,NA,
7800,MEG_7800,Biocides,Multi_biocide_resistance,Multi-biocide_RND_efflux_pump,VMEY,NA,
7801,MEG_7801,Biocides,Multi_biocide_resistance,Multi-biocide_RND_efflux_pump,VMEZ,NA,
7803,MEG_7803,Biocides,Multi_biocide_resistance,Multi-biocide_MATE_efflux_pump,VMRA,NA,
7805,MEG_7805,Biocides,Multi_biocide_resistance,Multi-biocide_RND_efflux_pump,VPOC,NA,
7819,MEG_7819,Biocides,Multi_biocide_resistance,Multi-biocide_resistance_regulator,YDEO,NA,
7837,MEG_7837,Biocides,Multi_biocide_resistance,Multi-biocide_resistance_protein,YJCG,NA,
372,MEG_372,Multi-compound,Drug_and_biocide_resistance,Drug_and_biocide_MATE_efflux_pumps,ABEM,NA,
374,MEG_374,Multi-compound,Drug_and_biocide_resistance,Drug_and_biocide_SMR_efflux_pumps,ABES,NA,
399,MEG_399,Multi-compound,Drug_and_biocide_resistance,Drug_and_biocide_RND_efflux_pumps,ACRA,NA,
401,MEG_401,Multi-compound,Drug_and_biocide_resistance,Drug_and_biocide_RND_efflux_pumps,ACRB,NA,
403,MEG_403,Multi-compound,Drug_and_biocide_resistance,Drug_and_biocide_RND_efflux_pumps,ACRC,NA,
408,MEG_408,Multi-compound,Drug_and_biocide_resistance,Drug_and_biocide_RND_efflux_pumps,ACRE,NA,
409,MEG_409,Multi-compound,Drug_and_biocide_resistance,Drug_and_biocide_RND_efflux_pumps,ACRF,NA,
411,MEG_411,Multi-compound,Drug_and_biocide_resistance,Drug_and_biocide_RND_efflux_regulator,ACRR,RequiresSNPConfirmation,
415,MEG_415,Multi-compound,Drug_and_biocide_resistance,Drug_and_biocide_RND_efflux_regulator,ACRS,NA,
677,MEG_677,Multi-compound,Drug_and_biocide_resistance,Drug_and_biocide_RND_efflux_pumps,ADEA,NA,
678,MEG_678,Multi-compound,Drug_and_biocide_resistance,Drug_and_biocide_RND_efflux_pumps,ADEB,NA,
679,MEG_679,Multi-compound,Drug_and_biocide_resistance,Drug_and_biocide_RND_efflux_pumps,ADEC,NA,
680,MEG_680,Multi-compound,Drug_and_biocide_resistance,Drug_and_biocide_RND_efflux_pumps,ADED,NA,
681,MEG_681,Multi-compound,Drug_and_biocide_resistance,Drug_and_biocide_RND_efflux_pumps,ADEE,NA,
682,MEG_682,Multi-compound,Drug_and_biocide_resistance,Drug_and_biocide_RND_efflux_pumps,ADEF,NA,
684,MEG_684,Multi-compound,Drug_and_biocide_resistance,Drug_and_biocide_RND_efflux_pumps,ADEG,NA,
685,MEG_685,Multi-compound,Drug_and_biocide_resistance,Drug_and_biocide_RND_efflux_pumps,ADEH,NA,
686,MEG_686,Multi-compound,Drug_and_biocide_resistance,Drug_and_biocide_RND_efflux_pumps,ADEI,NA,
692,MEG_692,Multi-compound,Drug_and_biocide_resistance,Drug_and_biocide_RND_efflux_pumps,ADEJ,NA,
693,MEG_693,Multi-compound,Drug_and_biocide_resistance,Drug_and_biocide_RND_efflux_pumps,ADEK,NA,
699,MEG_699,Multi-compound,Drug_and_biocide_resistance,Drug_and_biocide_RND_efflux_regulator,ADEL,NA,
701,MEG_701,Multi-compound,Drug_and_biocide_resistance,Drug_and_biocide_RND_efflux_regulator,ADEN,NA,
703,MEG_703,Multi-compound,Drug_and_biocide_resistance,Drug_and_biocide_RND_efflux_regulator,ADER,NA,
704,MEG_704,Multi-compound,Drug_and_biocide_resistance,Drug_and_biocide_RND_efflux_regulator,ADES,NA,
705,MEG_705,Multi-compound,Drug_and_biocide_resistance,Drug_and_biocide_RND_efflux_pumps,ADET1,NA,
706,MEG_706,Multi-compound,Drug_and_biocide_resistance,Drug_and_biocide_RND_efflux_pumps,ADET2,NA,
731,MEG_731,Multi-compound,Drug_and_biocide_resistance,Drug_and_biocide_RND_efflux_pumps,AMRA,NA,
732,MEG_732,Multi-compound,Drug_and_biocide_resistance,Drug_and_biocide_RND_efflux_pumps,AMRB,NA,
733,MEG_733,Multi-compound,Drug_and_biocide_resistance,Drug_and_biocide_MFS_efflux_pumps,AMVA,NA,
1121,MEG_1121,Multi-compound,Drug_and_biocide_resistance,Drug_and_biocide_RND_efflux_pumps,ARMR,NA,
1185,MEG_1185,Multi-compound,Drug_and_biocide_resistance,Drug_and_biocide_RND_efflux_pumps,AXY,NA,
1187,MEG_1187,Multi-compound,Drug_and_biocide_resistance,Drug_and_biocide_RND_efflux_pumps,AXYZ,RequiresSNPConfirmation,
1209,MEG_1209,Multi-compound,Drug_and_biocide_resistance,Drug_and_biocide_MFS_efflux_pumps,BCR,NA,
1212,MEG_1212,Multi-compound,Drug_and_biocide_resistance,Drug_and_biocide_MFS_efflux_pumps,BCR1,NA,
1216,MEG_1216,Multi-compound,Drug_and_biocide_resistance,Drug_and_biocide_SMR_efflux_pumps,BCRCM,NA,
1223,MEG_1223,Multi-compound,Drug_and_biocide_resistance,Drug_and_biocide_RND_efflux_pumps,BEPC,NA,
1224,MEG_1224,Multi-compound,Drug_and_biocide_resistance,Drug_and_biocide_RND_efflux_pumps,BEPD,NA,
1225,MEG_1225,Multi-compound,Drug_and_biocide_resistance,Drug_and_biocide_RND_efflux_pumps,BEPE,NA,
1226,MEG_1226,Multi-compound,Drug_and_biocide_resistance,Drug_and_biocide_RND_efflux_pumps,BEPF,NA,
1227,MEG_1227,Multi-compound,Drug_and_biocide_resistance,Drug_and_biocide_RND_efflux_pumps,BEPG,NA,
1229,MEG_1229,Multi-compound,Drug_and_biocide_resistance,Drug_and_biocide_MATE_efflux_pumps,BEXA,NA,
1463,MEG_1463,Multi-compound,Drug_and_biocide_resistance,Drug_and_biocide_MFS_efflux_pumps,BLT,NA,
1469,MEG_1469,Multi-compound,Drug_and_biocide_resistance,Drug_and_biocide_MFS_efflux_regulator,BMR,NA,
1640,MEG_1640,Multi-compound,Drug_and_biocide_resistance,Drug_and_biocide_MATE_efflux_pumps,CDEA,NA,
1643,MEG_1643,Multi-compound,Drug_and_biocide_resistance,Drug_and_biocide_RND_efflux_pumps,CEOA,NA,
1644,MEG_1644,Multi-compound,Drug_and_biocide_resistance,Drug_and_biocide_RND_efflux_pumps,CEOB,NA,
2115,MEG_2115,Multi-compound,Drug_and_biocide_resistance,Drug_and_biocide_RND_efflux_regulator,CPXAR,NA,
2132,MEG_2132,Multi-compound,Drug_and_biocide_resistance,Drug_and_biocide_RND_efflux_regulator,CRP,NA,
2704,MEG_2704,Multi-compound,Drug_and_biocide_resistance,Drug_and_biocide_MFS_efflux_pumps,EFMA,NA,
2705,MEG_2705,Multi-compound,Drug_and_biocide_resistance,Drug_and_biocide_MFS_efflux_pumps,EFPA,NA,
2706,MEG_2706,Multi-compound,Drug_and_biocide_resistance,Drug_and_biocide_ABC_efflux_pumps,EFRA,NA,
2707,MEG_2707,Multi-compound,Drug_and_biocide_resistance,Drug_and_biocide_ABC_efflux_pumps,EFRB,NA,
2717,MEG_2717,Multi-compound,Drug_and_biocide_resistance,Drug_and_biocide_RND_efflux_pumps,EMHC,NA,
2721,MEG_2721,Multi-compound,Drug_and_biocide_resistance,Drug_and_biocide_MFS_efflux_pumps,EMRA,NA,
2723,MEG_2723,Multi-compound,Drug_and_biocide_resistance,Drug_and_biocide_MFS_efflux_pumps,EMRASM,NA,
2724,MEG_2724,Multi-compound,Drug_and_biocide_resistance,Drug_and_biocide_MFS_efflux_pumps,EMRB,NA,
2726,MEG_2726,Multi-compound,Drug_and_biocide_resistance,Drug_and_biocide_MFS_efflux_pumps,EMRBSM,NA,
2727,MEG_2727,Multi-compound,Drug_and_biocide_resistance,Drug_and_biocide_MFS_efflux_pumps,EMRCSM,NA,
2728,MEG_2728,Multi-compound,Drug_and_biocide_resistance,Drug_and_biocide_MFS_efflux_pumps,EMRD,NA,
2732,MEG_2732,Multi-compound,Drug_and_biocide_resistance,Drug_and_biocide_MFS_efflux_pumps,EMRK,NA,
2734,MEG_2734,Multi-compound,Drug_and_biocide_resistance,Drug_and_biocide_MFS_efflux_regulator,EMRR,NA,
2735,MEG_2735,Multi-compound,Drug_and_biocide_resistance,Drug_and_biocide_MFS_efflux_regulator,EMRRSM,NA,
2736,MEG_2736,Multi-compound,Drug_and_biocide_resistance,Drug_and_biocide_MFS_efflux_pumps,EMRY,NA,
2868,MEG_2868,Multi-compound,Drug_and_biocide_resistance,Drug_and_biocide_MFS_efflux_regulator,EVGS,NA,
2883,MEG_2883,Multi-compound,Drug_and_biocide_resistance,Drug_and_biocide_MFS_efflux_pumps,FARA,NA,
2885,MEG_2885,Multi-compound,Drug_and_biocide_resistance,Drug_and_biocide_MFS_efflux_pumps,FARB,NA,
2887,MEG_2887,Multi-compound,Drug_and_biocide_resistance,Drug_and_biocide_MFS_efflux_regulator,FARR,NA,
2901,MEG_2901,Multi-compound,Drug_and_biocide_resistance,Drug_and_biocide_MFS_efflux_pumps,FEXA,NA,
3081,MEG_3081,Multi-compound,Drug_and_biocide_resistance,Drug_and_biocide_RND_efflux_regulator,GADW,NA,
3083,MEG_3083,Multi-compound,Drug_and_biocide_resistance,Drug_and_biocide_RND_efflux_regulator,GADX,NA,
3267,MEG_3267,Multi-compound,Drug_and_biocide_resistance,Drug_and_biocide_MATE_efflux_pumps,HMRM,NA,
3447,MEG_3447,Multi-compound,Drug_and_biocide_resistance,Drug_and_biocide_MFS_efflux_pumps,KDEA,NA,
3460,MEG_3460,Multi-compound,Drug_and_biocide_resistance,Drug_and_biocide_MFS_efflux_pumps,KMRA,NA,
3512,MEG_3512,Multi-compound,Drug_and_biocide_resistance,Drug_and_biocide_MFS_efflux_pumps,KPN,NA,
3514,MEG_3514,Multi-compound,Drug_and_biocide_resistance,Drug_and_biocide_SMR_efflux_pumps,KPNE,NA,
3515,MEG_3515,Multi-compound,Drug_and_biocide_resistance,Drug_and_biocide_SMR_efflux_pumps,KPNF,NA,
3516,MEG_3516,Multi-compound,Drug_and_biocide_resistance,Drug_and_biocide_SMR_efflux_pumps,KPNO,NA,
3599,MEG_3599,Multi-compound,Drug_and_biocide_resistance,Drug_and_biocide_MFS_efflux_pumps,LMRS,NA,
3661,MEG_3661,Multi-compound,Drug_and_biocide_resistance,Drug_and_biocide_RND_efflux_regulator,MARA,NA,
3663,MEG_3663,Multi-compound,Drug_and_biocide_resistance,Drug_and_biocide_RND_efflux_regulator,MARR,NA,
3736,MEG_3736,Multi-compound,Drug_and_biocide_resistance,Drug_and_biocide_MFS_efflux_pumps,MDFA,NA,
3751,MEG_3751,Multi-compound,Drug_and_biocide_resistance,Drug_and_biocide_RND_efflux_pumps,MDTE,NA,
3752,MEG_3752,Multi-compound,Drug_and_biocide_resistance,Drug_and_biocide_RND_efflux_pumps,MDTF,NA,
3753,MEG_3753,Multi-compound,Drug_and_biocide_resistance,Drug_and_biocide_MFS_efflux_pumps,MDTG,NA,
3755,MEG_3755,Multi-compound,Drug_and_biocide_resistance,Drug_and_biocide_MFS_efflux_pumps,MDTH,NA,
3756,MEG_3756,Multi-compound,Drug_and_biocide_resistance,Drug_and_biocide_SMR_efflux_pumps,MDTI,NA,
3757,MEG_3757,Multi-compound,Drug_and_biocide_resistance,Drug_and_biocide_SMR_efflux_pumps,MDTJ,NA,
3758,MEG_3758,Multi-compound,Drug_and_biocide_resistance,Drug_and_biocide_MATE_efflux_pumps,MDTK,NA,
3761,MEG_3761,Multi-compound,Drug_and_biocide_resistance,Drug_and_biocide_MFS_efflux_pumps,MDTM,NA,
3763,MEG_3763,Multi-compound,Drug_and_biocide_resistance,Drug_and_biocide_RND_efflux_pumps,MDTN,NA,
3764,MEG_3764,Multi-compound,Drug_and_biocide_resistance,Drug_and_biocide_RND_efflux_pumps,MDTO,NA,
3765,MEG_3765,Multi-compound,Drug_and_biocide_resistance,Drug_and_biocide_RND_efflux_pumps,MDTP,NA,
3832,MEG_3832,Multi-compound,Drug_and_biocide_resistance,Drug_and_biocide_MATE_efflux_pumps,MEPA,NA,
3836,MEG_3836,Multi-compound,Drug_and_biocide_resistance,Drug_and_biocide_MATE_efflux_regulator,MEPR,NA,
3899,MEG_3899,Multi-compound,Drug_and_biocide_resistance,Drug_and_biocide_RND_efflux_pumps,MEXA,NA,
3901,MEG_3901,Multi-compound,Drug_and_biocide_resistance,Drug_and_biocide_RND_efflux_pumps,MEXB,NA,
3904,MEG_3904,Multi-compound,Drug_and_biocide_resistance,Drug_and_biocide_RND_efflux_pumps,MEXC,NA,
3907,MEG_3907,Multi-compound,Drug_and_biocide_resistance,Drug_and_biocide_RND_efflux_pumps,MEXD,NA,
3908,MEG_3908,Multi-compound,Drug_and_biocide_resistance,Drug_and_biocide_RND_efflux_pumps,MEXE,NA,
3911,MEG_3911,Multi-compound,Drug_and_biocide_resistance,Drug_and_biocide_RND_efflux_pumps,MEXF,NA,
3913,MEG_3913,Multi-compound,Drug_and_biocide_resistance,Drug_and_biocide_RND_efflux_pumps,MEXG,NA,
3914,MEG_3914,Multi-compound,Drug_and_biocide_resistance,Drug_and_biocide_RND_efflux_pumps,MEXH,NA,
3915,MEG_3915,Multi-compound,Drug_and_biocide_resistance,Drug_and_biocide_RND_efflux_pumps,MEXI,NA,
3916,MEG_3916,Multi-compound,Drug_and_biocide_resistance,Drug_and_biocide_RND_efflux_pumps,MEXJ,NA,
3917,MEG_3917,Multi-compound,Drug_and_biocide_resistance,Drug_and_biocide_RND_efflux_pumps,MEXK,NA,
3918,MEG_3918,Multi-compound,Drug_and_biocide_resistance,Drug_and_biocide_RND_efflux_regulator,MEXL,NA,
3919,MEG_3919,Multi-compound,Drug_and_biocide_resistance,Drug_and_biocide_RND_efflux_pumps,MEXN,NA,
3921,MEG_3921,Multi-compound,Drug_and_biocide_resistance,Drug_and_biocide_RND_efflux_pumps,MEXQ,NA,
3924,MEG_3924,Multi-compound,Drug_and_biocide_resistance,Drug_and_biocide_RND_efflux_regulator,MEXR,NA,
3931,MEG_3931,Multi-compound,Drug_and_biocide_resistance,Drug_and_biocide_RND_efflux_regulator,MEXS,RequiresSNPConfirmation,
3932,MEG_3932,Multi-compound,Drug_and_biocide_resistance,Drug_and_biocide_RND_efflux_regulator,MEXT,RequiresSNPConfirmation,
3937,MEG_3937,Multi-compound,Drug_and_biocide_resistance,Drug_and_biocide_RND_efflux_pumps,MEXX,NA,
3939,MEG_3939,Multi-compound,Drug_and_biocide_resistance,Drug_and_biocide_RND_efflux_pumps,MEXY,NA,
3941,MEG_3941,Multi-compound,Drug_and_biocide_resistance,Drug_and_biocide_RND_efflux_regulator,MEXZ,RequiresSNPConfirmation,
3996,MEG_3996,Multi-compound,Drug_and_biocide_resistance,Drug_and_biocide_SMR_efflux_pumps,MMR,NA,
4076,MEG_4076,Multi-compound,Drug_and_biocide_resistance,Drug_and_biocide_RND_efflux_regulator,MTRA,NA,
4079,MEG_4079,Multi-compound,Drug_and_biocide_resistance,Drug_and_biocide_RND_efflux_pumps,MTRC,NA,
4081,MEG_4081,Multi-compound,Drug_and_biocide_resistance,Drug_and_biocide_RND_efflux_pumps,MTRD,NA,
4084,MEG_4084,Multi-compound,Drug_and_biocide_resistance,Drug_and_biocide_RND_efflux_pumps,MTRE,NA,
4086,MEG_4086,Multi-compound,Drug_and_biocide_resistance,Drug_and_biocide_RND_efflux_pumps,MTRF,NA,
4087,MEG_4087,Multi-compound,Drug_and_biocide_resistance,Drug_and_biocide_MFS_efflux_regulator,MTRR,RequiresSNPConfirmation,
4103,MEG_4103,Multi-compound,Drug_and_biocide_resistance,Drug_and_biocide_SMR_efflux_pumps,MVRC,NA,
4206,MEG_4206,Multi-compound,Drug_and_biocide_resistance,Drug_and_biocide_MFS_efflux_pumps,NORA,NA,
4210,MEG_4210,Multi-compound,Drug_and_biocide_resistance,Drug_and_biocide_MFS_efflux_pumps,NORB,NA,
4212,MEG_4212,Multi-compound,Drug_and_biocide_resistance,Drug_and_biocide_MATE_efflux_pumps,NORM,NA,
4301,MEG_4301,Multi-compound,Drug_and_biocide_resistance,Drug_and_biocide_RND_efflux_pumps,OPRN,NA,
4303,MEG_4303,Multi-compound,Drug_and_biocide_resistance,Drug_and_biocide_RND_efflux_pumps,OPRZ,NA,
4324,MEG_4324,Multi-compound,Drug_and_biocide_resistance,Drug_and_biocide_RND_efflux_pumps,OQXA,NA,
4336,MEG_4336,Multi-compound,Drug_and_biocide_resistance,Drug_and_biocide_RND_efflux_pumps,OQXB,NA,
5782,MEG_5782,Multi-compound,Drug_and_biocide_resistance,Drug_and_biocide_ABC_efflux_regulator,PHOB,RequiresSNPConfirmation,
5786,MEG_5786,Multi-compound,Drug_and_biocide_resistance,Drug_and_biocide_SMR_efflux_regulator,PHOR,NA,
5794,MEG_5794,Multi-compound,Drug_and_biocide_resistance,Drug_and_biocide_MATE_efflux_pumps,PMPM,NA,
5795,MEG_5795,Multi-compound,Drug_and_biocide_resistance,Drug_and_biocide_MFS_efflux_pumps,PMRA,NA,
5820,MEG_5820,Multi-compound,Drug_and_biocide_resistance,Drug_and_biocide_MFS_efflux_pumps,QACAB,NA,
5825,MEG_5825,Multi-compound,Drug_and_biocide_resistance,Drug_and_biocide_SMR_efflux_pumps,QACC,NA,
5827,MEG_5827,Multi-compound,Drug_and_biocide_resistance,Drug_and_biocide_SMR_efflux_pumps,QACE,NA,
5829,MEG_5829,Multi-compound,Drug_and_biocide_resistance,Drug_and_biocide_SMR_efflux_pumps,QACEDELTA1,NA,
5832,MEG_5832,Multi-compound,Drug_and_biocide_resistance,Drug_and_biocide_SMR_efflux_pumps,QACF,NA,
5839,MEG_5839,Multi-compound,Drug_and_biocide_resistance,Drug_and_biocide_SMR_efflux_pumps,QACG,NA,
5847,MEG_5847,Multi-compound,Drug_and_biocide_resistance,Drug_and_biocide_SMR_efflux_pumps,QACH,NA,
5849,MEG_5849,Multi-compound,Drug_and_biocide_resistance,Drug_and_biocide_SMR_efflux_pumps,QACJ,NA,
5850,MEG_5850,Multi-compound,Drug_and_biocide_resistance,Drug_and_biocide_SMR_efflux_pumps,QACK,NA,
5851,MEG_5851,Multi-compound,Drug_and_biocide_resistance,Drug_and_biocide_SMR_efflux_pumps,QACL,NA,
5855,MEG_5855,Multi-compound,Drug_and_biocide_resistance,Drug_and_biocide_SMR_efflux_pumps,QACPB,NA,
5856,MEG_5856,Multi-compound,Drug_and_biocide_resistance,Drug_and_biocide_MFS_efflux_regulator,QACR,NA,
5857,MEG_5857,Multi-compound,Drug_and_biocide_resistance,Drug_and_biocide_SMR_efflux_pumps,QACZ,NA,
6172,MEG_6172,Multi-compound,Drug_and_biocide_resistance,Drug_and_biocide_RND_efflux_pumps,SDEA,NA,
6173,MEG_6173,Multi-compound,Drug_and_biocide_resistance,Drug_and_biocide_RND_efflux_pumps,SDEB,NA,
6174,MEG_6174,Multi-compound,Drug_and_biocide_resistance,Drug_and_biocide_RND_efflux_pumps,SDEX,NA,
6175,MEG_6175,Multi-compound,Drug_and_biocide_resistance,Drug_and_biocide_RND_efflux_pumps,SDEY,NA,
6179,MEG_6179,Multi-compound,Drug_and_biocide_resistance,Drug_and_biocide_RND_efflux_pumps,SEPA,NA,
6521,MEG_6521,Multi-compound,Drug_and_biocide_resistance,Drug_and_biocide_RND_efflux_pumps,SME,NA,
6530,MEG_6530,Multi-compound,Drug_and_biocide_resistance,Drug_and_biocide_RND_efflux_regulator,SMET,NA,
6532,MEG_6532,Multi-compound,Drug_and_biocide_resistance,Drug_and_biocide_SMR_efflux_pumps,SMR,NA,
6547,MEG_6547,Multi-compound,Drug_and_biocide_resistance,Drug_and_biocide_ABC_efflux_regulator,SOXR,NA,
7286,MEG_7286,Multi-compound,Drug_and_biocide_resistance,Drug_and_biocide_RND_efflux_pumps,TTGA,NA,
7288,MEG_7288,Multi-compound,Drug_and_biocide_resistance,Drug_and_biocide_RND_efflux_pumps,TTGB,NA,
7290,MEG_7290,Multi-compound,Drug_and_biocide_resistance,Drug_and_biocide_RND_efflux_pumps,TTGC,NA,
7295,MEG_7295,Multi-compound,Drug_and_biocide_resistance,Drug_and_biocide_RND_efflux_pumps,TTGG,NA,
7296,MEG_7296,Multi-compound,Drug_and_biocide_resistance,Drug_and_biocide_RND_efflux_regulator,TTGR,NA,
7637,MEG_7637,Multi-compound,Drug_and_biocide_resistance,Drug_and_biocide_RND_efflux_pumps,VCEA,NA,
7638,MEG_7638,Multi-compound,Drug_and_biocide_resistance,Drug_and_biocide_RND_efflux_pumps,VCEB,NA,
7639,MEG_7639,Multi-compound,Drug_and_biocide_resistance,Drug_and_biocide_RND_efflux_pumps,VCEC,NA,
7640,MEG_7640,Multi-compound,Drug_and_biocide_resistance,Drug_and_biocide_RND_efflux_regulator,VCER,NA,
7641,MEG_7641,Multi-compound,Drug_and_biocide_resistance,Drug_and_biocide_MATE_efflux_pumps,VCMA,NA,
7668,MEG_7668,Multi-compound,Drug_and_biocide_resistance,Drug_and_biocide_RND_efflux_pumps,VEXA,NA,
7669,MEG_7669,Multi-compound,Drug_and_biocide_resistance,Drug_and_biocide_RND_efflux_pumps,VEXB,NA,
7670,MEG_7670,Multi-compound,Drug_and_biocide_resistance,Drug_and_biocide_RND_efflux_pumps,VEXC,NA,
7671,MEG_7671,Multi-compound,Drug_and_biocide_resistance,Drug_and_biocide_RND_efflux_pumps,VEXD,NA,
7672,MEG_7672,Multi-compound,Drug_and_biocide_resistance,Drug_and_biocide_RND_efflux_pumps,VEXE,NA,
7673,MEG_7673,Multi-compound,Drug_and_biocide_resistance,Drug_and_biocide_RND_efflux_pumps,VEXF,NA,
7674,MEG_7674,Multi-compound,Drug_and_biocide_resistance,Drug_and_biocide_RND_efflux_pumps,VEXH,NA,
7675,MEG_7675,Multi-compound,Drug_and_biocide_resistance,Drug_and_biocide_RND_efflux_pumps,VEXK,NA,
7842,MEG_7842,Multi-compound,Drug_and_biocide_resistance,Drug_and_biocide_ABC_efflux_pumps,YOGI,NA,
8241,MEG_8241,Multi-compound,Drug_and_biocide_resistance,Drug_and_biocide_MFS_efflux_pumps,MDE,NA,
8248,MEG_8248,Multi-compound,Drug_and_biocide_resistance,Drug_and_biocide_RND_efflux_pumps,MEXD1,NA,
8273,MEG_8273,Multi-compound,Drug_and_biocide_resistance,Drug_and_biocide_MFS_efflux_pumps,NORC,NA,
8646,MEG_8646,Multi-compound,Drug_and_biocide_resistance,Drug_and_biocide_SMR_efflux_pumps,QACD,NA,
8686,MEG_8686,Multi-compound,Drug_and_biocide_resistance,Drug_and_biocide_RND_efflux_pumps,RSMA,NA,
8692,MEG_8692,Multi-compound,Drug_and_biocide_resistance,Drug_and_biocide_MFS_efflux_pumps,SDRM,NA,
8741,MEG_8741,Multi-compound,Drug_and_biocide_resistance,Drug_and_biocide_RND_efflux_regulator,YAJC,NA,
371,MEG_371,Drugs,Multi_drug_resistance,Multi-drug_ABC_efflux_pumps,ABCA,NA,
1114,MEG_1114,Drugs,Multi_drug_resistance,MDR_regulator,ARLR,NA,
1118,MEG_1118,Drugs,Multi_drug_resistance,MDR_regulator,ARLS,NA,
1179,MEG_1179,Drugs,Multi_drug_resistance,Multi-drug_RND_efflux_regulator,ASMA,NA,
1491,MEG_1491,Drugs,Multi_drug_resistance,Multi-drug_ABC_efflux_pumps,CARA,NA,
1681,MEG_1681,Drugs,Multi_drug_resistance,MDR_23S_ribosomal_RNA_methyltransferase,CFRA,NA,
1683,MEG_1683,Drugs,Multi_drug_resistance,MDR_23S_ribosomal_RNA_methyltransferase,CFRB,NA,
1685,MEG_1685,Drugs,Multi_drug_resistance,MDR_23S_ribosomal_RNA_methyltransferase,CFRC,NA,
1723,MEG_1723,Drugs,Multi_drug_resistance,MDR_23S_ribosomal_RNA_methyltransferase,CIPA,NA,
1726,MEG_1726,Drugs,Multi_drug_resistance,MDR_23S_ribosomal_RNA_methyltransferase,CLBA,NA,
1727,MEG_1727,Drugs,Multi_drug_resistance,MDR_23S_ribosomal_RNA_methyltransferase,CLBB,NA,
1728,MEG_1728,Drugs,Multi_drug_resistance,MDR_23S_ribosomal_RNA_methyltransferase,CLBC,NA,
1729,MEG_1729,Drugs,Multi_drug_resistance,MDR_23S_ribosomal_RNA_methyltransferase,CLBD,NA,
1779,MEG_1779,Drugs,Multi_drug_resistance,Multi-drug_MFS_efflux_pumps,CMR,NA,
2670,MEG_2670,Drugs,Multi_drug_resistance,Multi-drug_ABC_efflux_pumps,DRRA,NA,
2693,MEG_2693,Drugs,Multi_drug_resistance,Multi-drug_ABC_efflux_pumps,EATAV,RequiresSNPConfirmation,
2731,MEG_2731,Drugs,Multi_drug_resistance,Multi-drug_SMR_efflux_regulator,EMRE,NA,
3265,MEG_3265,Drugs,Multi_drug_resistance,Multi-drug_RND_efflux_pumps,HLYD,NA,
3271,MEG_3271,Drugs,Multi_drug_resistance,Multi-drug_RND_efflux_pumps,HNS,NA,
3273,MEG_3273,Drugs,Multi_drug_resistance,Multi-drug_MFS_efflux_pumps,HP,NA,
3286,MEG_3286,Drugs,Multi_drug_resistance,MDR_acetyltransferase,IBCR,NA,
3433,MEG_3433,Drugs,Multi_drug_resistance,Multi-drug_MFS_efflux_pumps,IRFA,NA,
3594,MEG_3594,Drugs,Multi_drug_resistance,Multi-drug_ABC_efflux_pumps,LMRA,RequiresSNPConfirmation,
3595,MEG_3595,Drugs,Multi_drug_resistance,Multi-drug_ABC_efflux_pumps,LMRB,NA,
3596,MEG_3596,Drugs,Multi_drug_resistance,Multi-drug_ABC_efflux_pumps,LMRC,NA,
3597,MEG_3597,Drugs,Multi_drug_resistance,Multi-drug_ABC_efflux_pumps,LMRD,NA,
3598,MEG_3598,Drugs,Multi_drug_resistance,Multi-drug_MFS_efflux_pumps,LMRP,NA,
3624,MEG_3624,Drugs,Multi_drug_resistance,Multi-drug_RND_efflux_pumps,LPEA,NA,
3625,MEG_3625,Drugs,Multi_drug_resistance,Multi-drug_RND_efflux_pumps,LPEB,NA,
3646,MEG_3646,Drugs,Multi_drug_resistance,Multi-drug_ABC_efflux_pumps,LSAB,NA,
3647,MEG_3647,Drugs,Multi_drug_resistance,Multi-drug_ABC_efflux_pumps,LSAC,NA,
3648,MEG_3648,Drugs,Multi_drug_resistance,Multi-drug_ABC_efflux_pumps,LSAE,NA,
3657,MEG_3657,Drugs,Multi_drug_resistance,Multi-drug_ABC_efflux_pumps,MACA,NA,
3658,MEG_3658,Drugs,Multi_drug_resistance,Multi-drug_ABC_efflux_pumps,MACB,NA,
3740,MEG_3740,Drugs,Multi_drug_resistance,MDR_23S_rRNA_mutation,MDR23S,RequiresSNPConfirmation,
3835,MEG_3835,Drugs,Multi_drug_resistance,Multi-drug_MATE_efflux_pump,MEPB,NA,
3943,MEG_3943,Drugs,Multi_drug_resistance,MDR_regulator,MGRA,NA,
4061,MEG_4061,Drugs,Multi_drug_resistance,Multi-drug_ABC_efflux_pumps,MSBA,NA,
4078,MEG_4078,Drugs,Multi_drug_resistance,Multi-drug_RND_efflux_regulator,MTRAD,NA,
4100,MEG_4100,Drugs,Multi_drug_resistance,Multi-drug_RND_efflux_pumps,MUXA,NA,
4101,MEG_4101,Drugs,Multi_drug_resistance,Multi-drug_RND_efflux_pumps,MUXB,NA,
4102,MEG_4102,Drugs,Multi_drug_resistance,Multi-drug_RND_efflux_pumps,MUXC,NA,
4109,MEG_4109,Drugs,Multi_drug_resistance,Multi-drug_RND_efflux_pumps,NALC,RequiresSNPConfirmation,
4110,MEG_4110,Drugs,Multi_drug_resistance,Multi-drug_RND_efflux_regulator,NALD,RequiresSNPConfirmation,
4161,MEG_4161,Drugs,Multi_drug_resistance,Multi-drug_RND_efflux_pumps,NFXB,RequiresSNPConfirmation,
4211,MEG_4211,Drugs,Multi_drug_resistance,Multi-drug_MFS_efflux_pumps,NORBD,NA,
4213,MEG_4213,Drugs,Multi_drug_resistance,Multi-drug_MATE_efflux_pump,NORMD,NA,
4286,MEG_4286,Drugs,Multi_drug_resistance,MDR_mutant_porin_proteins,OMPF,RequiresSNPConfirmation,
4291,MEG_4291,Drugs,Multi_drug_resistance,Multi-drug_RND_efflux_pumps,OPCM,NA,
4292,MEG_4292,Drugs,Multi_drug_resistance,Multi-drug_RND_efflux_pumps,OPMB,NA,
4293,MEG_4293,Drugs,Multi_drug_resistance,Multi-drug_RND_efflux_pumps,OPMD,NA,
4294,MEG_4294,Drugs,Multi_drug_resistance,Multi-drug_RND_efflux_pumps,OPMH,NA,
4295,MEG_4295,Drugs,Multi_drug_resistance,Multi-drug_RND_efflux_pumps,OPRA,NA,
4304,MEG_4304,Drugs,Multi_drug_resistance,Multi-drug_ABC_efflux_pumps,OPTRA,NA,
5808,MEG_5808,Drugs,Multi_drug_resistance,MDR_mutant_porin_proteins,POR,RequiresSNPConfirmation,
5809,MEG_5809,Drugs,Multi_drug_resistance,Multi-drug_ABC_efflux_pumps,POXT,NA,
6044,MEG_6044,Drugs,Multi_drug_resistance,Multi-drug_RND_efflux_regulator,RAMA,NA,
6045,MEG_6045,Drugs,Multi_drug_resistance,Multi-drug_RND_efflux_regulator,RAMR,RequiresSNPConfirmation,
6083,MEG_6083,Drugs,Multi_drug_resistance,Multi-drug_MFS_efflux_pumps,ROSA,NA,
6084,MEG_6084,Drugs,Multi_drug_resistance,Multi-drug_MFS_efflux_pumps,ROSB,NA,
6156,MEG_6156,Drugs,Multi_drug_resistance,Multi-drug_ABC_efflux_pumps,SALA,NA,
6176,MEG_6176,Drugs,Multi_drug_resistance,Multi-drug_RND_efflux_pumps,SDIA,NA,
6558,MEG_6558,Drugs,Multi_drug_resistance,Multi-drug_ABC_efflux_pumps,SRMB,NA,
6643,MEG_6643,Drugs,Multi_drug_resistance,Multi-drug_ABC_efflux_pumps,TAEA,NA,
6644,MEG_6644,Drugs,Multi_drug_resistance,Multi-drug_MFS_efflux_pumps,TAP,NA,
7257,MEG_7257,Drugs,Multi_drug_resistance,Multi-drug_ABC_efflux_pumps,TLRCM,NA,
7327,MEG_7327,Drugs,Multi_drug_resistance,Multi-drug_ABC_efflux_pumps,TVAA,NA,
7676,MEG_7676,Drugs,Multi_drug_resistance,Multi-drug_ABC_efflux_pumps,VGA,NA,
7688,MEG_7688,Drugs,Multi_drug_resistance,Multi-drug_ABC_efflux_pumps,VGAB,NA,
7689,MEG_7689,Drugs,Multi_drug_resistance,Multi-drug_ABC_efflux_pumps,VGAD,NA,
7690,MEG_7690,Drugs,Multi_drug_resistance,Multi-drug_ABC_efflux_pumps,VGAE,NA,
7802,MEG_7802,Drugs,Multi_drug_resistance,Multi-drug_ABC_efflux_pumps,VMLR,NA,
8232,MEG_8232,Drugs,Multi_drug_resistance,Multi-drug_ABC_efflux_pumps,LPTD,NA,
8233,MEG_8233,Drugs,Multi_drug_resistance,Multi-drug_ABC_efflux_pumps,LSAD,NA,
8242,MEG_8242,Drugs,Multi_drug_resistance,MDR_mutation,MDR,RequiresSNPConfirmation,
8247,MEG_8247,Drugs,Multi_drug_resistance,Multi-drug_RND_efflux_pumps,MEXC1,NA,
8289,MEG_8289,Drugs,Multi_drug_resistance,MDR_mutant_porin_proteins,OMPK,RequiresSNPConfirmation,
8451,MEG_8451,Drugs,Multi_drug_resistance,MDR_regulator,PARR,NA,
8452,MEG_8452,Drugs,Multi_drug_resistance,MDR_regulator,PARS,NA,
8688,MEG_8688,Drugs,Multi_drug_resistance,Multi-drug_ABC_efflux_pumps,SALB,NA,
8689,MEG_8689,Drugs,Multi_drug_resistance,Multi-drug_ABC_efflux_pumps,SALC,NA,
8690,MEG_8690,Drugs,Multi_drug_resistance,Multi-drug_ABC_efflux_pumps,SALD,NA,
8691,MEG_8691,Drugs,Multi_drug_resistance,Multi-drug_ABC_efflux_pumps,SALE,NA,
8721,MEG_8721,Drugs,Multi_drug_resistance,Multi-drug_RND_efflux_pumps,TOPR,NA,
8722,MEG_8722,Drugs,Multi_drug_resistance,Multi-drug_ABC_efflux_pumps,TVAB,NA,
